,Revenue_growth_qoq,Revenue_growth_yoy,EBIT_growth_qoq,EBIT_growth_yoy,TotalAssets_growth_qoq,TotalAssets_growth_yoy,ebit_margin,ebit_margin_change,capex_intensity,debt_to_assets,asset_turnover,Revenue_volatility,EBIT_volatility,Revenue_trend,EBIT_trend,Revenue_lag1,Revenue_lag2,Revenue_lag4,EBIT_lag1,EBIT_lag2,EBIT_lag4,CapEx_lag1,CapEx_lag2,CapEx_lag4,TotalDebt_lag1,TotalDebt_lag2,TotalDebt_lag4,TotalAssets_lag1,TotalAssets_lag2,TotalAssets_lag4,Revenue_ma4,Revenue_std4,Revenue_min4,Revenue_max4,Revenue_ma8,Revenue_std8,Revenue_min8,Revenue_max8,EBIT_ma4,EBIT_std4,EBIT_min4,EBIT_max4,EBIT_ma8,EBIT_std8,EBIT_min8,EBIT_max8,ebit_margin_ma4,ebit_margin_std4,ebit_margin_min4,ebit_margin_max4,ebit_margin_ma8,ebit_margin_std8,ebit_margin_min8,ebit_margin_max8,capex_intensity_ma4,capex_intensity_std4,capex_intensity_min4,capex_intensity_max4,capex_intensity_ma8,capex_intensity_std8,capex_intensity_min8,capex_intensity_max8,treasury_change_1q,treasury_change_1y,treasury_level,vix_level,vix_percentile,high_volatility,gdp_growth,gdp_acceleration,macro_10Y_Treasury_MA2Q,macro_10Y_Treasury_MA4Q,macro_GDP_Growth_MA4Q,macro_GDP_Growth_MA8Q,macro_VIX_MA4Q,corr_Revenue_growth_yoy_GDP_Growth,corr_ebit_margin_VIX,corr_ebit_margin_10Y_Treasury
2015-06-30,,,,,,,,,,,,,,,,,,,,,,,,,,,,,,,,,,,,,,,1840000000.0,,1840000000.0,1840000000.0,1840000000.0,,1840000000.0,1854040000.0,,,,,,,,,,,,,,,,,,,2.34,18.54,0.65,0,,,2.34,2.34,,,18.54,,,
2015-09-30,,,0.019565217391304346,,0.059576908372626525,,,,,,,,,,,,,,1840000000.0,,,661000000.0,,,,,,31956100000.0,,,,,,,,,,,1858000000.0,689232113.2710047,1840000000.0,1876000000.0,1858000000.0,864931458.4971495,1840000000.0,1876000000.0,,,,,,,,,,,,,,,,,-0.11687499999999984,,2.223125,19.30734375,0.7,0,18414.36018,,2.2815625,2.2815625,18407.99309,18407.99309,18.923671875,,,
2015-12-31,,,2.0,,-0.011275482590654917,,,,,0.30039838214274855,,,,,,,,,1876000000.0,1840000000.0,,1015000000.0,661000000.0,,,,,33258000000.0,31941150000.0,,,,,,,,,,3554000000.0,2937613316.9632792,1840000000.0,6946000000.0,3554000000.0,2937613316.9632792,1840000000.0,6946000000.0,,,,,,,,,,,,,,,,,-0.03264112903225813,,2.190483870967742,17.03328125,0.475,0,18435.137,33.5109999999986,2.206804435483871,2.251202956989248,18418.3815,18418.3815,18.293541666666663,,,
2016-03-31,,,-0.7425856608119781,,0.0030106742085576066,,,,,0.29949669516706084,,,,,,,,,6946000000.0,1876000000.0,,1461000000.0,1015000000.0,,9878000000.0,,,32883000000.0,33258000000.0,,,,,,,,,,3112500000.0,2555921947.165054,1788000000.0,6946000000.0,3112500000.0,2555921947.165054,1788000000.0,6946000000.0,,,,,,,,,,,,,,,,,-0.2762215758857747,,1.9142622950819672,20.48622950819672,0.725,0,18525.933,90.7960000000021,2.0523730830248548,2.1669677915124272,18454.232,18454.232,18.84171362704918,,,
2016-06-30,,,0.043624161073825496,0.01413043478260878,0.007670850767085069,0.05884414425895246,,,,0.3132641291810842,,,,,0.15787951807228917,,,,1788000000.0,6946000000.0,1840000000.0,314000000.0,1461000000.0,661000000.0,9878000000.0,9878000000.0,,32982000000.0,32883000000.0,31911250000.0,,,,,,,,,3119000000.0,2551636598.995502,1788000000.0,6946000000.0,2863200000.0,2282609296.3974366,1788000000.0,6946000000.0,,,,,,,,,,,,,,,,,-0.16410604508196713,-0.5898437499999998,1.75015625,15.6759375,0.375,0,18711.702,185.76900000000023,1.832209272540984,2.0195068540124272,18518.5995,18518.5995,18.12569800204918,,,
2016-09-30,,,1.9785637727759915,1.9626865671641789,0.02455242966751925,0.02384388718503816,,,,0.32141983103775706,,,,,-0.16633536389868567,,,,1866000000.0,1788000000.0,1876000000.0,637000000.0,314000000.0,1015000000.0,10411333333.333334,9878000000.0,,33235000000.0,32982000000.0,33258000000.0,,,,,,,,,4039500000.0,2617055533.7376137,1788000000.0,6946000000.0,3312333333.3333335,2319174134.6148777,1788000000.0,6946000000.0,,,,,,,,,,,,,,,,,-0.18578125,-0.65875,1.564375,13.23390625,0.15,0,18892.639,180.93699999999808,1.657265625,1.8548193540124276,18641.35275,18593.4074,16.60733862704918,,,
2016-12-31,,,0.26430370636919753,0.011661387849121851,-0.03362603154092392,0.0006994495636043485,0.23338536650171046,,0.04716197814606928,0.3488117668510302,3.6371268418383957,,,,-0.1011511325659119,,,,5558000000.0,1866000000.0,6946000000.0,984000000.0,637000000.0,1461000000.0,10944666666.666666,10411333333.333334,9878000000.0,34051000000.0,33235000000.0,32883000000.0,26409040000.00002,,23093860000.00004,30109000000.0,26409040000.00002,,23017300000.00004,30109000000.0,4059750000.0,2647181693.172319,1788000000.0,7027000000.0,3843000000.0,2540352403.375038,1788000000.0,7027000000.0,0.23338536650171046,,0.23117105827572962,0.23338536650171046,0.23338536650171046,,0.23117105827572962,0.23338536650171046,0.04716197814606928,,0.04716197814606928,0.04716197814606928,0.04716197814606928,,0.04716197814606928,0.04716197814606928,0.5743135245901638,-0.05179534637757799,2.138688524590164,14.097936507936508,0.25,0,19089.379,196.7400000000016,1.8515317622950824,1.8418705174180328,18804.91325,18676.069333333333,15.873502441533306,,,
2017-03-31,-0.7447607027798997,,-0.7520990465347943,-0.02572706935123048,0.011730383516683984,0.00939906615729802,0.22667534157449576,-0.006710024927214703,0.037345478204294076,0.344767511714526,0.9233449477351916,,,,0.4780836258390295,30109000000.0,,,7027000000.0,5558000000.0,1788000000.0,1420000000.0,984000000.0,314000000.0,11478000000.0,10944666666.666666,9878000000.0,32906000000.0,34051000000.0,32982000000.0,18897000000.0,14913572658.169699,7685000000.0,30109000000.0,18897000000.0,14913572658.169699,7685000000.0,30109000000.0,4048250000.0,2660407283.9824104,1742000000.0,7027000000.0,3580375000.0,2466425055.3323994,1742000000.0,7027000000.0,0.23003035403810312,0.005196828790610961,0.22667534157449576,0.23338536650171046,0.23003035403810312,0.011726897920366429,0.22667534157449576,0.23338536650171046,0.04387345066557459,0.01104503410720032,0.037345478204294076,0.04716197814606928,0.04387345066557459,0.01104503410720032,0.037345478204294076,0.04716197814606928,0.3079243786356427,0.5323506081438394,2.4466129032258066,11.691935483870967,0.1,0,19280.084,190.7049999999981,2.292650713907985,1.9749581694539928,18993.451,18762.35714285714,13.674928935451868,,,
2017-06-30,0.01626545217957065,,0.23593570608495984,0.1538049303322615,0.01997476871320436,0.021724086053858782,0.27567221510883483,0.04899687353433907,0.07541613316261203,0.35489982428757944,0.919987042436022,,1.236685943136448,,0.027098128821095385,7685000000.0,30109000000.0,,1742000000.0,7027000000.0,1866000000.0,293460000.0,1420000000.0,637000000.0,11478000000.0,11478000000.0,10411333333.333334,33292000000.0,32906000000.0,33235000000.0,15201333333.333334,12910569326.460136,7685000000.0,30109000000.0,15201333333.333334,12910569326.460136,7685000000.0,30109000000.0,4120000000.0,2584728612.4465756,1742000000.0,7027000000.0,3619500000.0,2437182682.6422815,1742000000.0,7027000000.0,0.24524430772834702,0.026564059729220966,0.22667534157449576,0.27567221510883483,0.24524430772834702,0.026564059729220966,0.22667534157449576,0.27567221510883483,0.053307863170991794,0.019765440022764483,0.037345478204294076,0.07541613316261203,0.053307863170991794,0.019765440022764483,0.037345478204294076,0.07541613316261203,-0.18566052227342578,0.5107961309523807,2.260952380952381,11.426349206349206,0.075,0,19438.643,158.5590000000011,2.3537826420890937,2.102657202192088,19175.18625,18846.892875,12.61253186203917,,,
2017-09-30,0.046350832266325304,,1.7863446353924757,0.079345088161209,0.03769473157228265,0.034830107779507236,0.5,0.22432778489116517,0.11184532550171317,0.3582787032569931,0.9276612651474303,,1.3010931551623872,,-0.37621359223301,7810000000.0,7685000000.0,,2153000000.0,1742000000.0,5558000000.0,589000000.0,293290000.0,984000000.0,12051333333.333334,11478000000.0,10944666666.666666,33957000000.0,33292000000.0,34051000000.0,13444000000.0,11111919216.169035,7685000000.0,30109000000.0,13444000000.0,11111919216.169035,7685000000.0,30109000000.0,4230250000.0,2674362400.64805,1742000000.0,7027000000.0,4134875000.0,2451715226.8506694,1742000000.0,7027000000.0,0.3089332307962602,0.1292112554400765,0.22667534157449576,0.5,0.30431765215763573,0.1292112554400765,0.22667534157449576,0.5,0.06794222875367215,0.03342315121128601,0.037345478204294076,0.11184532550171317,0.06794222875367215,0.03342315121128601,0.037345478204294076,0.11184532550171317,-0.019523809523809277,0.6770535714285715,2.2414285714285715,10.944285714285714,0.05,0,19692.595,253.95200000000114,2.2511904761904766,2.271920595049231,19375.17525,19008.264000000003,12.040126728110598,,,
2017-12-31,2.0,0.05141319871134886,0.2612152025337555,0.07670841041696308,0.07804296620030082,0.15440953017686754,0.23900022112013142,-0.2609997788798686,0.043371134346274126,0.3474346486956064,3.333456182378182,,1.016738559548473,-0.4885897054448085,-0.0631877548608241,8172000000.0,7810000000.0,30109000000.0,5999000000.0,2153000000.0,7027000000.0,914000000.0,589000000.0,1420000000.0,12624666666.666666,12051333333.333334,11478000000.0,35237000000.0,33957000000.0,32906000000.0,13831000000.0,11885794237.940796,7685000000.0,31657000000.0,17086600000.0,12607487271.458971,7685000000.0,31657000000.0,4328637075.0,2868775700.5776873,1742000000.0,7566030000.0,4204967287.5,2560655582.722281,1742000000.0,7566030000.0,0.3098737189448457,0.1281430320540286,0.22667534157449576,0.5,0.29494662886103445,0.1161885819165241,0.22667534157449576,0.5,0.06699451780372334,0.034252242513259104,0.037345478204294076,0.11184532550171317,0.06302800987219254,0.030960911061285328,0.037345478204294076,0.11184532550171317,0.13002304147465438,0.23276308831306203,2.371451612903226,10.556112698412699,0.03475,0,20037.088,344.4929999999986,2.306440092165899,2.330111367127496,19612.1025,19208.507875,11.4621517281106,,-0.5792675676891078,-0.19648754990018452
2018-03-31,-0.7385096503143065,0.07716330513988279,-0.8669051008256642,-0.4219288174512055,0.015478979650933145,0.1586867715967799,0.1216477410002416,-0.11735248011988982,0.03672384633969558,0.34213869086195725,0.8583797796500324,,1.0371692336462859,0.5225797122406189,0.48838610242937724,31657000000.0,8172000000.0,7685000000.0,7491158599.999999,5999000000.0,1742000000.0,1373000000.0,914000000.0,292950000.0,13198000000.0,12624666666.666666,11478000000.0,37987000000.0,35237000000.0,33292000000.0,13979250000.0,11786869739.24799,7810000000.0,31657000000.0,15618500000.0,11835999911.287598,7685000000.0,31657000000.0,4181257500.0,3106477739.3738074,1007000000.0,7566030000.0,4114753750.0,2678466900.933856,1007000000.0,7566030000.0,0.28408004430730194,0.15822827652307778,0.1216477410002416,0.5,0.26606348088423565,0.1257189193260752,0.1216477410002416,0.5,0.06683910983757373,0.03443254152073855,0.03672384633969558,0.11184532550171317,0.05864398261677637,0.029701524891042993,0.03672384633969558,0.11184532550171317,0.38707297726070866,0.311911686938128,2.7585245901639346,17.354754098360658,0.525,0,20328.553,291.46500000000015,2.5649881015335803,2.408089288862028,19874.21975,19433.835375,12.508331381733022,,-0.3262742833270754,-0.2758036455821277
2018-06-30,1.0135298381251512,1.1341869398207427,1.384309831181728,0.11518810961449133,-0.046584575502268355,0.08307565450422594,0.14404847612191024,0.02240073512166864,0.04013678905687545,0.36753856472166335,1.8128228832454185,,1.0843487742823985,0.17804245578267786,-0.044746586403731546,8278000000.0,31657000000.0,7810000000.0,1007000000.0,7493128900.000001,2153000000.0,304000000.0,1373000000.0,589000000.0,13198000000.0,13198000000.0,12051333333.333334,38575000000.0,37987000000.0,33957000000.0,16193750000.0,11050559333.505854,8172000000.0,31657000000.0,15768428571.428572,10812019312.7393,7685000000.0,31657000000.0,4243257500.0,3054544380.4095674,1007000000.0,7566030000.0,4181628750.0,2620348257.614611,1007000000.0,7566030000.0,0.25117410956057085,0.17350841363345618,0.1216477410002416,0.5,0.2486327659181892,0.12368446817078424,0.1216477410002416,0.5,0.05801927381113958,0.03598652674986603,0.03672384633969558,0.11184532550171317,0.05600009782250481,0.028001453028049003,0.03672384633969558,0.11184532550171317,0.16210040983606522,0.659672619047619,2.920625,15.3375,0.35,0,20580.912,252.35900000000038,2.839574795081967,2.5730074436239327,20159.787,19667.486625,13.486119080145722,,-0.6228279929258261,-0.6023096362723392
2018-09-30,-0.5109191264698825,-0.0024473813020068347,1.2590587255310286,-0.09584930821803639,0.013513513513513598,0.05783693276953206,0.5,0.35595152387808976,0.12831207065750735,0.3712050078247261,0.8747954393024816,,0.9716303313963364,0.013023543033577646,-0.40895538392379,16668000000.0,8278000000.0,8172000000.0,2401000000.0,1007000000.0,5999000000.0,669000000.0,304000000.0,914000000.0,13517333333.333334,13198000000.0,12624666666.666666,36778000000.0,38575000000.0,35237000000.0,16188750000.0,11055402220.181768,8152000000.0,31657000000.0,14816375000.0,10365859525.21201,7685000000.0,31657000000.0,4099507500.0,2956325928.731754,1007000000.0,7566030000.0,4164878750.0,2610703762.351324,1007000000.0,7566030000.0,0.25117410956057085,0.17350841363345618,0.1216477410002416,0.5,0.28005367017841554,0.14495042826223425,0.1216477410002416,0.5,0.06213596010008813,0.0442008120077691,0.03672384633969558,0.12831207065750735,0.06503909442688013,0.0364101280424458,0.03672384633969558,0.12831207065750735,0.0031845238095242756,0.6823809523809525,2.923809523809524,12.856825396825396,0.125,0,20798.73,217.8179999999993,2.922217261904762,2.743602681719171,20436.32075,19905.748,13.96425400078064,,-0.6616075817913863,-0.6558516166479588
2018-12-31,2.0,0.03500015794295108,0.32872418879056053,-0.04745289141068698,-0.020791415157612292,-0.03914497064785316,0.21996032351594688,-0.28003967648405315,0.048130627193651764,0.3878356164383562,3.5906849315068494,1.5432679642724276,0.9701702923374964,-0.38375415025866777,-0.12274864724604138,8152000000.0,16668000000.0,31657000000.0,5424000000.0,2401000000.0,7497069500.0,1046000000.0,669000000.0,1373000000.0,13836666666.666666,13517333333.333334,13198000000.0,37275000000.0,36778000000.0,37987000000.0,16465750000.0,11573880719.821966,8152000000.0,32765000000.0,15148375000.0,10951609626.475657,7685000000.0,32765000000.0,4009750000.0,2818220168.238576,1007000000.0,7207000000.0,4187378750.0,2639511117.9720793,1007000000.0,7566030000.0,0.24641413515952468,0.1742134478726986,0.1216477410002416,0.5,0.2783755398051951,0.1456439579181633,0.1216477410002416,0.5,0.06332583331193253,0.043587088369709065,0.03672384633969558,0.12831207065750735,0.06516017555782795,0.03634373528449954,0.03672384633969558,0.12831207065750735,0.11733801717408232,0.6696959280803805,3.0411475409836064,21.0536507936508,0.775,1,20917.867,119.1369999999988,2.982478532396565,2.9110266637392663,20656.5155,20134.309,16.650682572209213,0.2492211309041638,-0.5498443185376993,-0.1117644191728738
2019-03-31,-0.7600183122234091,-0.050132882338729146,-0.8423754682947134,0.1281032770605759,0.07232876712328773,0.014646791963706995,0.14447411929289075,-0.07548620422305613,0.049726567467887575,0.4171691364333163,0.8035769034236075,1.5452063733066517,0.9865967441253122,0.3944247908537419,0.5392605524035164,32765000000.0,8152000000.0,8278000000.0,7207000000.0,5424000000.0,1007000000.0,1577000000.0,1046000000.0,304000000.0,14156000000.0,13836666666.666666,13198000000.0,36500000000.0,37275000000.0,38575000000.0,16362000000.0,11673176460.015785,7863000000.0,32765000000.0,15170625000.0,10934447767.589493,7810000000.0,32765000000.0,4042000000.0,2772776346.3118815,1136000000.0,7207000000.0,4111628750.0,2726962285.3038588,1007000000.0,7566030000.0,0.25212072973268695,0.16906195027855975,0.14404847612191024,0.5,0.2681003870199945,0.15254844061876577,0.1216477410002416,0.5,0.06657651359398054,0.0413703172539928,0.04013678905687545,0.12831207065750735,0.06670781171577712,0.03523684579161521,0.03672384633969558,0.12831207065750735,-0.3881967213114752,-0.10557377049180339,2.652950819672131,16.47,0.45,0,21111.6,193.73300000000017,2.847049180327869,2.8846332211163155,20852.27725,20363.2485,16.42949404761905,0.0377177718767268,-0.46357427304963256,-0.25146680584101716
2019-06-30,1.0391707999491286,-0.03803695704343657,0.49823943661971826,-0.29112869637650973,-0.004368932038834927,0.059573658165207544,0.10614943245603094,-0.038324686836859814,0.05064238493201946,0.40486027355077114,1.645821037234725,1.5303644877904266,0.9830736046687986,-0.011013323554577865,-0.04977733795150925,7863000000.0,32765000000.0,16668000000.0,1136000000.0,7207000000.0,2401000000.0,391000000.0,1577000000.0,669000000.0,16328000000.0,14156000000.0,13517333333.333334,39140000000.0,36500000000.0,36778000000.0,16203500000.0,11671940784.06272,7863000000.0,32765000000.0,16198625000.0,10522407246.816536,7863000000.0,32765000000.0,3867250000.0,2928334836.842718,1136000000.0,7207000000.0,4055253750.0,2777432579.7600384,1007000000.0,7566030000.0,0.24264596881621714,0.17796512050248445,0.10614943245603094,0.5,0.246910039188394,0.16277755176940883,0.10614943245603094,0.5,0.06920291256276653,0.03941977078207083,0.048130627193651764,0.12831207065750735,0.06361109318695306,0.03545015184239749,0.03672384633969558,0.12831207065750735,-0.3140619307832422,-0.5817361111111108,2.338888888888889,15.183015873015872,0.3,0,21397.938,286.33799999999974,2.49591985428051,2.7391991933385373,21056.53375,20608.160375,16.390873015873016,-0.13563358299232822,-0.5474905773744827,-0.27885398668186084
2019-09-30,-0.5016215541973307,-0.019749754661432806,0.18155111633372512,-0.629240412979351,0.09189355641663877,0.14151576123407117,0.25165811537980226,0.14550868292377134,0.14528844950569392,0.4416921269095182,0.7512103407755581,1.5777759462074707,0.8491691706565352,-0.007751411732033381,-0.44571724093348,16034000000.0,7863000000.0,8152000000.0,1702000000.0,1136000000.0,5424000000.0,812000000.0,391000000.0,1046000000.0,15777000000.0,16328000000.0,13836666666.666666,38969000000.0,39140000000.0,37275000000.0,16163250000.0,11709179145.012684,7863000000.0,32765000000.0,16176000000.0,10542307174.970219,7863000000.0,32765000000.0,3014000000.0,2818716374.5222754,1136000000.0,7207000000.0,3556753750.0,2736309507.7595587,1007000000.0,7566030000.0,0.18056049766116772,0.0669488632000912,0.10614943245603094,0.25165811537980226,0.21586730361086928,0.12746681586487418,0.10614943245603094,0.5,0.07344700727481318,0.04790553895274265,0.048130627193651764,0.14528844950569392,0.06779148368745065,0.04309762490949119,0.03672384633969558,0.14528844950569392,-0.5409201388888891,-1.1258407738095242,1.79796875,15.96015625,0.4,0,21717.171,319.2330000000002,2.0684288194444447,2.4577389998861565,21286.144,20861.232375,17.16670572916667,-0.23938077747964784,-0.5462493876858026,-0.11595691846777398
2019-12-31,2.0,-0.019197314207233362,2.0,-0.1433328708200361,0.04956521739130437,0.20853691280335426,0.1921209858103062,-0.059537129569496056,0.05286905650983321,0.4334848518775611,2.8783447905237467,1.6077010855311935,1.0436585782568337,-0.40926793806938616,-0.4984074319840747,7991000000.0,16034000000.0,32765000000.0,2011000000.0,1702000000.0,7207000000.0,1161000000.0,812000000.0,1577000000.0,18794000000.0,15777000000.0,14156000000.0,42550000000.0,38969000000.0,36500000000.0,16006000000.0,11412366947.015562,7863000000.0,32136000000.0,16235875000.0,10643665070.125046,7863000000.0,32765000000.0,2755750000.0,2307456373.7298846,1136000000.0,6174000000.0,3382750000.0,2476898737.7652035,1007000000.0,7207000000.0,0.17360066323475754,0.06280656090792014,0.10614943245603094,0.25165811537980226,0.2100073991971411,0.12732891710941782,0.10614943245603094,0.5,0.07463161460385855,0.04712303670971072,0.049726567467887575,0.14528844950569392,0.06897872395789555,0.042454826353805486,0.03672384633969558,0.14528844950569392,-0.006033266129032322,-1.2492120571126388,1.7919354838709676,13.98578125,0.225,0,21933.217,216.0460000000021,1.7949521169354838,2.145435985607997,21539.9815,21098.2485,15.399738343253969,-0.2900996966579138,-0.36623857579949187,0.12679754210379313
2020-03-31,-0.7487241722678616,0.026961719445504295,-0.7306446388079041,0.46390845070422526,0.034774625495420874,0.18068472151251913,0.20594427244582042,0.013823286635514215,0.041114551083591334,0.4508197195967962,0.6989526529905652,1.6090082672821797,1.0189536085379673,0.4046982381606897,0.559666152590039,32136000000.0,7991000000.0,7863000000.0,6174000000.0,2011000000.0,1136000000.0,1699000000.0,1161000000.0,391000000.0,19359000000.0,18794000000.0,16328000000.0,44659000000.0,42550000000.0,39140000000.0,16059000000.0,11362327138.399069,7991000000.0,32136000000.0,16210500000.0,10665566745.372698,7863000000.0,32765000000.0,2887500000.0,2196523389.3587384,1663000000.0,6174000000.0,3464750000.0,2396567530.5677137,1136000000.0,7207000000.0,0.18896820152298996,0.06079227155343609,0.10614943245603094,0.25165811537980226,0.22054446562783847,0.12236328439551507,0.10614943245603094,0.5,0.07247861050778448,0.04880687189955965,0.041114551083591334,0.14528844950569392,0.06952756205088251,0.04200427049531985,0.04013678905687545,0.14528844950569392,-0.4269354838709676,-1.2879508196721312,1.365,31.22451612903226,0.975,1,21727.657,-205.5600000000013,1.578467741935484,1.823448280689964,21693.99575,21273.1365,19.08836737551204,-0.44132200125225435,-0.3858690786559307,0.15206683769133106
2020-06-30,-0.11133126934984516,-0.5524510415367345,0.046301864101022217,0.02232667450058745,-0.024517441357223224,0.1567912956452564,0.24247491638795987,0.03653064394213945,0.09908026755852843,0.44202400230706096,0.6367488187404334,1.6220550426630886,0.9649391869652416,0.0016688461298957219,0.14012121212121215,8075000000.0,32136000000.0,16034000000.0,1663000000.0,6174000000.0,1702000000.0,332000000.0,1699000000.0,812000000.0,20659440000.0,19359000000.0,15777000000.0,46212000000.0,44659000000.0,38969000000.0,13844500000.0,12201071769.862406,7176000000.0,32136000000.0,15024000000.0,11125458732.115273,7176000000.0,32765000000.0,2897000000.0,2189758738.6133056,1663000000.0,6174000000.0,3382125000.0,2449295376.079765,1136000000.0,7207000000.0,0.22304957250597218,0.028547979936920206,0.1921209858103062,0.25165811537980226,0.23284777066109466,0.11845900515640974,0.10614943245603094,0.5,0.08458808116441172,0.04757661374378143,0.041114551083591334,0.14528844950569392,0.07689549686358912,0.0412756661922702,0.041114551083591334,0.14528844950569392,-0.6255258432539683,-1.524108183710643,0.6876190476190476,33.21868827444956,0.99025,1,19935.444,-1205.1513900000004,1.026309523809524,1.410630820372504,21328.37225,21192.453,23.916026105670763,-0.5715895882775685,-0.1842803084369254,0.19823254029363915
2020-09-30,0.16360089186176152,0.04492554123388803,0.09712643678160915,-0.05072103431128794,0.0068989995341510735,0.06674500587544063,0.22862275449101796,-0.013852161896941911,0.12922155688622755,0.4314166115884556,0.7358448997576559,1.5800193895453747,0.8936071656548473,-0.19145509046913947,-0.18377632033137745,7176000000.0,8075000000.0,7991000000.0,1740000000.0,1663000000.0,2011000000.0,711000000.0,332000000.0,1161000000.0,19926000000.0,20670900000.0,18794000000.0,45079000000.0,46212000000.0,42550000000.0,13934250000.0,12144852198.222366,7176000000.0,32136000000.0,15048750000.0,11108193986.55142,7176000000.0,32765000000.0,2871500000.0,2204062688.1586957,1663000000.0,6174000000.0,2942750000.0,2343677680.789015,1136000000.0,7207000000.0,0.2172907322837761,0.022545628879318845,0.1921209858103062,0.24247491638795987,0.1989256149724719,0.05024168341542309,0.10614943245603094,0.25165811537980226,0.08057135800954512,0.04096209102982146,0.041114551083591334,0.12922155688622755,0.07700918264217915,0.041438445638332586,0.041114551083591334,0.14528844950569392,-0.036994047619047565,-1.1473437499999999,0.6650526785714286,25.80890625,0.925,1,21684.551,1418.3048000000017,0.7036169546851001,1.1237948828725035,21320.21725,21303.180625,26.37821360567077,0.7590538624945283,-0.14521544487112173,0.2066265927169552
2020-12-31,2.0,0.0014936519790889058,2.0,0.15986394557823136,0.043049129764265226,0.06012225979085972,0.22250186428038776,-0.006120890210630198,0.04663808103405419,0.39673453869550523,2.71916187901318,1.545244935170425,1.2715820006028629,-0.5104228293218903,-0.442904405363051,8350000000.0,7176000000.0,32136000000.0,1909000000.0,1740000000.0,6174000000.0,1079000000.0,711000000.0,1699000000.0,19582000000.0,19926000000.0,19359000000.0,45390000000.0,45079000000.0,44659000000.0,13946250000.0,12168831781.098244,7176000000.0,32184000000.0,14976125000.0,10976942710.420654,7176000000.0,32184000000.0,3118250000.0,2697124317.3671722,1663000000.0,7161000000.0,2937000000.0,2331747229.6235595,1136000000.0,7161000000.0,0.2248859519012965,0.015141625404667545,0.20594427244582042,0.24247491638795987,0.19924330756802702,0.05040147447693951,0.10614943245603094,0.25165811537980226,0.07901361414060037,0.042457909426770885,0.041114551083591334,0.12922155688622755,0.07682261437222945,0.0415901221527933,0.041114551083591334,0.14528844950569392,0.21389112903225804,-0.9274193548387095,0.864516129032258,25.62171875,0.9,1,22068.767,384.21600000000035,0.7575705645161293,0.8919400441628264,21354.10475,21447.043125,28.50504741218848,0.8418038766588284,0.4953579487993036,-0.5095574083711443
2021-03-31,-0.7249875714640815,0.09609907120743033,-0.7215472699343667,0.19903788334335548,-0.003464008110848238,0.020946940188695473,0.22528527849960456,0.0027834142192167954,0.035585144289275,0.3850996184824078,0.750402713013989,1.5408201674267021,1.2538322306445193,0.5257398168276319,0.5343702397177904,32184000000.0,8350000000.0,8075000000.0,7161000000.0,1909000000.0,1663000000.0,1501000000.0,1079000000.0,332000000.0,18783000000.0,19582000000.0,20693820000.000004,47344000000.0,45390000000.0,46212000000.0,14140250000.0,12049631429.35639,7176000000.0,32184000000.0,15099625000.0,10890700422.673857,7176000000.0,32184000000.0,3201000000.0,2642109889.21102,1740000000.0,7161000000.0,3044250000.0,2255562758.4137087,1663000000.0,7161000000.0,0.22972120341474253,0.008863033190934191,0.22250186428038776,0.24247491638795987,0.20934470246886627,0.045738972504371096,0.10614943245603094,0.25165811537980226,0.07749104912984264,0.044337609949222825,0.03502429104056039,0.12922155688622755,0.07498482981881356,0.04325018956815291,0.03502429104056039,0.14528844950569392,0.47138551031200415,-0.029098360655737787,1.3359016393442622,23.20245901639344,0.8,1,22656.793,588.0260000000017,1.1002088841882602,0.8875025441628264,21586.38875,21640.19225,27.28168370251106,0.9245276226120369,0.5243609865619359,-0.7408981142474165
2021-06-30,1.0111851768161788,1.4806298773690076,-0.01153460381143434,0.13275862068965516,0.023887240356083028,0.07160762217440486,0.11072411662266164,-0.11456116187694292,0.039548339980899946,0.37741942161591485,1.473989276916389,1.53977434363601,1.268202193302113,0.20409115821856047,0.18787878787878787,8851000000.0,32184000000.0,7176000000.0,1994000000.0,7161000000.0,1740000000.0,310000000.0,1501000000.0,711000000.0,18169000000.0,18783000000.0,19926000000.0,47180000000.0,47344000000.0,45079000000.0,16796500000.0,11139397185.964178,8350000000.0,32184000000.0,15320500000.0,10930204376.601826,7176000000.0,32184000000.0,3258750000.0,2601747665.832847,1909000000.0,7161000000.0,3077875000.0,2234602197.739647,1663000000.0,7161000000.0,0.196783503473418,0.05742746506893341,0.11072411662266164,0.22862275449101796,0.2099165379896951,0.0442694920313767,0.11072411662266164,0.25165811537980226,0.06260806723543552,0.044665472097027474,0.03502429104056039,0.12922155688622755,0.07359807419992363,0.044307138643728254,0.03502429104056039,0.14528844950569392,0.25487961065573783,0.9031622023809525,1.59078125,18.0,0.575,0,23368.861,712.0679999999993,1.4633414446721311,1.11045600459413,22444.743,21886.557625,23.15827100409836,0.9318296767924416,0.4545984728596804,-0.6888519112371235
2021-09-30,-0.4976686702994214,0.07089820359281429,1.9188229325215627,1.9869402985074625,-0.0006003270747511058,0.06362634941617107,0.5,0.38927588337733837,0.11708789979870275,0.3759269232362567,0.740875761216289,1.5393633947719987,1.3591288327158133,0.02988717887655147,-0.15285001917913332,17801000000.0,8851000000.0,8350000000.0,1971000000.0,1994000000.0,1909000000.0,704000000.0,310000000.0,1079000000.0,18232000000.0,18169000000.0,19582000000.0,48307000000.0,47180000000.0,45390000000.0,16944500000.0,10992735495.16528,8851000000.0,32184000000.0,15439375000.0,10843933233.939743,7176000000.0,32184000000.0,4219750000.0,2646547861.523259,1971000000.0,7161000000.0,3545625000.0,2367092245.018891,1663000000.0,7161000000.0,0.2646278148506635,0.16573959972218782,0.11072411662266164,0.5,0.2409592735672198,0.1123866792213343,0.11072411662266164,0.5,0.05957465296355432,0.03863893518648887,0.03502429104056039,0.11708789979870275,0.07007300548654972,0.03853440742138283,0.03502429104056039,0.12922155688622755,-0.26593749999999994,0.6742187500000001,1.32484375,18.28734375,0.6,0,23921.991,553.130000000001,1.4578125000000002,1.2790106920941302,23004.103,22162.160125,21.27788037909836,0.8354486858167834,0.3527815910419666,-0.3704254547668107
2021-12-31,2.0,0.09852721849366142,0.28089692334434213,0.02904622259460976,-0.02498032230001246,-0.005745184183845842,0.20842879366426248,-0.2915712063357375,0.045340121623532736,0.36852056424201224,3.004333786539769,1.5243924400755215,1.239141037883288,-0.35867685679719125,-0.10064577285384232,8942000000.0,17801000000.0,32184000000.0,5753000000.0,1971000000.0,7161000000.0,1047000000.0,704000000.0,1501000000.0,18149000000.0,18232000000.0,18783000000.0,48278000000.0,48307000000.0,47344000000.0,17737250000.0,12472784248.782091,8851000000.0,35355000000.0,15841750000.0,11586296114.067564,7176000000.0,35355000000.0,4271750000.0,2724497186.0265646,1971000000.0,7369000000.0,3695000000.0,2584382158.825808,1663000000.0,7369000000.0,0.26110954719663215,0.16707589711458656,0.11072411662266164,0.5,0.24299774954896433,0.1115188455322098,0.11072411662266164,0.5,0.05925016311092396,0.038788949249161805,0.03502429104056039,0.11708789979870275,0.06913188862576217,0.039102352803603996,0.03502429104056039,0.12922155688622755,0.20854334677419328,0.6688709677419353,1.5333870967741934,19.27515625,0.675,0,24777.038,855.0469999999987,1.4291154233870969,1.446228434029614,23681.17075,22517.63775,19.69123975409836,0.6444425207926106,-0.08898840230763146,-0.13033573967155543
2022-03-31,-0.7502757742893509,-0.002485594848039785,-0.7773103541864568,-0.17703109327983957,-0.025854010876954492,-0.028083933870284072,0.18586476384641523,-0.022564029817847248,0.04802355872692264,0.3636026605604623,0.7701668302257115,1.5245904622419422,1.245606410518975,0.3983311956475778,0.4660150991982209,34526200000.0,8942000000.0,8851000000.0,7369000000.0,5753000000.0,1994000000.0,1603000000.0,1047000000.0,310000000.0,17347000000.0,18149000000.0,18169000000.0,47072000000.0,48278000000.0,47180000000.0,17731750000.0,12478012645.583162,8829000000.0,35355000000.0,15936000000.0,11516950216.342619,7176000000.0,35355000000.0,4183500000.0,2826670774.368085,1641000000.0,7369000000.0,3692250000.0,2586863779.615331,1641000000.0,7369000000.0,0.25125441853333486,0.17100971818369018,0.11072411662266164,0.5,0.24048781097403868,0.11269173497296149,0.11072411662266164,0.5,0.062499980032514516,0.036563398273373425,0.039548339980899946,0.11708789979870275,0.06999551458117859,0.03846627753775651,0.03502429104056039,0.12922155688622755,0.4177419354838714,0.6152273929138026,1.9511290322580648,25.372903225806454,0.875,1,25215.491,438.45300000000134,1.7422580645161294,1.6000352822580646,24320.84525,22953.617,20.233850806451613,0.4858394167276996,-0.17506220135408443,-0.08364283822592361
2022-06-30,0.9856155850039643,-0.015167687208583747,0.06703229737964667,-0.11161846778285134,-0.004819539853887278,-0.05533359554515904,0.09988021219553933,-0.0859845516508759,0.046089783811533856,0.34888460358504625,1.5366612613402288,1.499326466666882,1.2446725861990249,-0.002836719443935449,0.014963547269032984,8829000000.0,34552100000.0,17801000000.0,1641000000.0,7369000000.0,1971000000.0,424000000.0,1603000000.0,704000000.0,16673000000.0,17347000000.0,18232000000.0,45855000000.0,47072000000.0,48307000000.0,17664250000.0,12478243449.43363,8829000000.0,35355000000.0,17230375000.0,10960214856.307724,8350000000.0,35355000000.0,4128500000.0,2885596587.651619,1641000000.0,7369000000.0,3693625000.0,2585680509.3492455,1641000000.0,7369000000.0,0.24854344242655424,0.17403922753532874,0.09988021219553933,0.5,0.22266347294998612,0.123126463418063,0.09988021219553933,0.5,0.064135340990173,0.035319802835410696,0.045340121623532736,0.11708789979870275,0.06337170411280425,0.037286810652009554,0.03502429104056039,0.12922155688622755,0.884238473360655,1.3417993951612903,2.9325806451612904,27.3984375,0.95,1,25805.791,590.2999999999993,2.441854838709678,1.9354851310483872,24930.07775,23687.410375000003,22.583460181451613,0.3472197068783294,-0.14965077150326864,-0.16449630751136754
2022-09-30,-0.5083566254064229,-0.03612167300380231,2.0,0.026768642447418722,0.011877109172985012,-0.04353950039355403,0.5,0.40011978780446067,0.14421626638821208,0.34011174636174635,0.7466216216216216,1.554637558756012,1.4025188994686986,-0.004296814186846365,-0.4295506842678942,17531000000.0,8829000000.0,8942000000.0,1751000000.0,1641000000.0,5753000000.0,808000000.0,424000000.0,1047000000.0,15921000000.0,16673000000.0,18149000000.0,45634000000.0,45855000000.0,48278000000.0,17583500000.0,12554315313.86718,8619000000.0,35355000000.0,17264000000.0,10929448045.14064,8619000000.0,35355000000.0,4167000000.0,2915369387.6877193,1641000000.0,7369000000.0,4193375000.0,2577827099.2390914,1641000000.0,7369000000.0,0.24854344242655424,0.17403922753532874,0.09988021219553933,0.5,0.2565856286386089,0.1575686775364271,0.09988021219553933,0.5,0.07091743263755032,0.04887896438066398,0.045340121623532736,0.14421626638821208,0.06524604280055232,0.04123742876022314,0.03502429104056039,0.14421626638821208,0.16851310483870963,1.7762499999999999,3.10109375,24.79272727272728,0.825,1,26272.011,466.2199999999975,3.016837197580646,2.379547631048387,25517.58275,24260.842875,24.20980606213343,-0.10689201637634634,-0.3990812435685583,-0.42528860754005393
2022-12-31,2.0,-0.26004808372224575,-0.26036905366514307,-0.40711086986022527,0.006042099792099798,-0.013107579877634223,0.1670043194067505,-0.33299568059324947,0.06685524253660029,0.34310623183726185,2.2525885265310515,1.4101404588244575,1.1687785606385992,-0.4066653396650272,-0.10261579073674137,8619000000.0,17531000000.0,34603900000.0,5907000000.0,1751000000.0,7369000000.0,1243000000.0,808000000.0,1603000000.0,15705000000.0,15921000000.0,17347000000.0,46176000000.0,45634000000.0,47072000000.0,15285000000.0,8355584639.429286,8619000000.0,26161000000.0,16511125000.0,9915251490.759071,8619000000.0,35355000000.0,3417000000.0,2084557187.1902838,1641000000.0,5907000000.0,3844375000.0,2291786136.7127113,1641000000.0,7369000000.0,0.23818732386217625,0.17839974302477812,0.09988021219553933,0.5,0.24964843552940422,0.16047844882860293,0.09988021219553933,0.5,0.07629621286581721,0.04623864516293396,0.046089783811533856,0.14421626638821208,0.06777318798837059,0.040547891077035395,0.03502429104056039,0.14421626638821208,0.72562756147541,2.11235473955579,3.82672131147541,25.00265625,0.85,1,26734.277,462.2659999999996,3.463907530737705,2.952881184723691,26006.8925,24844.031625000003,25.641681062133436,-0.2850560522333707,-0.185122801330644,0.11707553880327762
2023-03-31,-0.7658189098713548,-0.31419186770868723,-0.7159533073929961,-0.24375380865326024,0.00927779571628462,0.022483916693926576,0.20495458298926508,0.037950263582514576,0.07844756399669695,0.316683018385019,0.5165721110779337,1.4158970802726287,1.1680414054190977,0.28187111547268573,0.3611354989757097,26161000000.0,8619000000.0,8829000000.0,4369000000.0,5907000000.0,1641000000.0,1729999999.9999998,1243000000.0,424000000.0,15939000000.0,15705000000.0,16673000000.0,46455000000.0,46176000000.0,45855000000.0,14591500000.0,9147614971.492111,6055000000.0,26161000000.0,16161625000.0,10266876822.891592,6055000000.0,35355000000.0,3317000000.0,2204309113.22951,1241000000.0,5907000000.0,3750250000.0,2391914460.36732,1241000000.0,7369000000.0,0.2429597786478887,0.1767814700079518,0.09988021219553933,0.5,0.2471070985906118,0.16107923412140596,0.09988021219553933,0.5,0.08390221418326078,0.04237891470601121,0.046089783811533856,0.14421626638821208,0.07320109710788766,0.03838652064044809,0.039548339980899946,0.14421626638821208,-0.18043098889476505,1.6951612903225801,3.646290322580645,20.6840625,0.75,0,27164.359,430.08200000000215,3.736505817028028,3.3766715073043363,26494.1095,25407.477375,24.46947088068182,-0.5578987524974717,-0.21150487077883592,-0.08260536151017339
2023-06-30,0.37489677952105693,-0.5251269180309166,-1.0,-1.0,0.042528686601544186,0.07113117412455616,-0.5,-0.5859277342225401,0.10234234234234234,0.29056873977086745,0.6812602291325696,1.4046058083633446,3.140141392312265,-0.11572490833704567,-0.09249321676213457,6055000000.0,26161000000.0,17531000000.0,1241000000.0,4369000000.0,1751000000.0,475000000.0,1730500000.0000002,808000000.0,14848000000.0,15939000000.0,15921000000.0,46886000000.0,46455000000.0,45634000000.0,12290000000.0,9318035057.52867,6055000000.0,26161000000.0,14977125000.0,10592194814.208378,6055000000.0,35355000000.0,756250000.0,6127859280.927264,-8492000000.0,5907000000.0,2442375000.0,4972372843.666148,-8492000000.0,7369000000.0,0.09298972559900388,0.4154861022622176,-0.5,0.5,0.17076658401277905,0.31043088564167354,-0.5,0.5,0.09796535381596291,0.03419107137625877,0.06685524253660029,0.14421626638821208,0.08105034740306795,0.03691397923000432,0.045340121623532736,0.14421626638821208,-0.05057603686635925,0.6631336405529953,3.5957142857142856,16.44125,0.425,0,27453.815,289.4559999999983,3.6210023041474657,3.542454917442585,26906.1155,25918.096625,21.730174005681818,-0.7762483944345873,-0.1846426068622015,-0.1487108247211191
2023-09-30,-0.24684684684684688,-0.27253741733379744,-0.6354215732454074,-1.0,0.015159574468085024,0.07460585585585577,-0.4937799043062201,0.0062200956937799035,0.20047846889952153,0.28465770540698493,0.5054311682553757,1.3823367969640348,2.9704474582481954,-0.17077298616761613,-4.752665251528184,8325000000.0,6055000000.0,8619000000.0,-8492000000.0,1241000000.0,5907000000.0,852000000.0,475000000.0,1243000000.0,14203000000.0,14848000000.0,15705000000.0,48880000000.0,46886000000.0,46176000000.0,11702750000.0,9692987856.349213,6055000000.0,26161000000.0,14643125000.0,10848706182.733759,6055000000.0,35355000000.0,-1494500000.0,5579528086.37672,-8492000000.0,4369000000.0,1336250000.0,5112962539.328,-8492000000.0,7369000000.0,-0.15545525047755115,0.3945673065022504,-0.5,0.20495458298926508,0.046544095974501556,0.3554371401087993,-0.5,0.5,0.11203090444379027,0.06078794035574948,0.06685524253660029,0.20047846889952153,0.09147416854067031,0.055592414285694565,0.045340121623532736,0.20047846889952153,0.5539682539682542,1.0485887896825399,4.14968253968254,15.01323076923077,0.275,0,27967.697,513.8820000000014,3.872698412698413,3.80460211486322,27330.037,26423.809875,19.28529987980769,-0.8843727345816369,0.339225934777826,-0.44468388431378386
2023-12-31,-0.04274322169059008,-0.7073187107647387,2.0,-1.0,0.01932649483081761,0.08879560865353575,-0.5,-0.0062200956937799035,0.24643946754590587,0.2815342032423883,0.474654013444049,0.9697972872536131,3.151620728934974,-0.49050864113135856,1.5932200553804163,6270000000.0,8325000000.0,26161000000.0,-3096000000.0,-8492000000.0,4369000000.0,1257000000.0,852000000.0,1731500000.0,14125000000.0,14203000000.0,15939000000.0,49621000000.0,48880000000.0,46455000000.0,6663000000.0,1114043386.3484075,6002000000.0,8325000000.0,10974000000.0,7189758887.274512,6002000000.0,26161000000.0,-5044792500.0,5102652984.369177,-9832170000.0,1241000000.0,-813896250.0,5775719226.662234,-9832170000.0,5907000000.0,-0.3222063303292388,0.35145284072832356,-0.5,0.20495458298926508,-0.04200950323353125,0.3953513442890224,-0.5,0.5,0.16130771148745296,0.08847738226270992,0.07462209791486507,0.26907697434188604,0.11944127513046446,0.0799702417443717,0.046089783811533856,0.26907697434188604,0.2974142345110087,0.6203754627181386,4.4470967741935485,15.28625,0.325,0,28296.967,329.27000000000044,4.2983896569380455,3.959695980542755,27720.7095,26863.801,16.856198317307694,-0.869588333465894,0.7531974456664245,-0.47246405990746315
2024-03-31,0.0023325558147284653,-0.006440957886044596,-1.0,-0.07413376309427877,0.09207771672104324,0.1782408394830013,0.1909906914893617,0.5979120023101934,0.06233377659574468,0.25347091534124006,0.44848963396896563,0.9060761830031625,3.1550651070355564,-0.03322827555155349,0.5515293245460543,6006480000.0,6270000000.0,6055000000.0,-9322905400.0,-3096000000.0,1241000000.0,1615000000.0,1257000000.0,475000000.0,14240000000.0,14125000000.0,14848000000.0,50580000000.0,49621000000.0,46886000000.0,6653250000.0,1121285385.9150343,6002000000.0,8325000000.0,10622375000.0,7376023395.095759,6002000000.0,26161000000.0,-5058822500.0,5064943718.564403,-9832170000.0,1184880000.0,-875396250.0,5758811771.696206,-9832170000.0,5907000000.0,-0.32454528215547257,0.3444711429008491,-0.5,0.19507167696693709,-0.041368762278162934,0.3957773404994762,-0.5,0.5,0.15855789054487363,0.0937532486056371,0.06233377659574468,0.26907697434188604,0.12123005236406723,0.07830884642502144,0.046089783811533856,0.26907697434188604,-0.29070333157059824,0.5101031200423054,4.15639344262295,13.712539682539685,0.175,0,28624.069,327.10199999999895,4.30174510840825,4.087221760553331,28085.637,27289.87325,15.113317612942614,-0.8642805478432117,0.8331401832710964,-0.6053959146950714
2024-06-30,0.03972739361702127,-0.24864864864864866,0.10704960835509136,-1.0,-0.15509232402732992,-0.11258183306055647,0.20335731414868105,0.012366622659319343,0.10295763389288569,0.30161145307420983,0.5768033750605159,0.8534172928865994,3.156566725520714,-0.10814263705707756,-0.4378006794871733,6016000000.0,6006340000.0,8325000000.0,1149000000.0,-9336307100.0,-8492000000.0,375000000.0,1615000000.0,852000000.0,13092000000.0,14240000000.0,14203000000.0,53471059999.999985,50580000000.0,48880000000.0,6137730000.0,149035982.783652,6002000000.0,6277920000.0,9212875000.0,6931206768.511319,6002000000.0,26161000000.0,-2626792500.0,5215196147.051902,-9832170000.0,1272000000.0,-935271250.0,5730021994.725769,-9832170000.0,5907000000.0,-0.14985797466704434,0.40075785917216705,-0.5,0.20335731414868105,-0.028434124534020225,0.40047365626497333,-0.5,0.5,0.15871171343250948,0.0936699467493142,0.06233377659574468,0.26907697434188604,0.12822254876536973,0.07290846048392553,0.06233377659574468,0.26907697434188604,0.2923367161072079,0.8530158730158726,4.448730158730158,13.980307692307692,0.2,0,29016.714,392.64500000000044,4.302561800676555,4.2937097330622604,28476.361750000004,27691.238625,14.498082036019536,-0.4362254713404489,0.6340675884150185,-0.5568052668420116
2024-09-30,0.006235011990407768,0.00382775119617218,0.03459119496855356,-1.0,-0.057680337506051615,-0.1762560206364241,0.20908802033682872,0.005730706188147666,0.14140451223387354,0.32266666666666666,0.6159266055045871,0.8274397776180741,2.92702963501951,-0.0005052357087562077,-0.9169041711517,6255000000.0,6016000000.0,6270000000.0,1272000000.0,1149000000.0,-3096000000.0,644000000.0,375000000.0,1257000000.0,13083000000.0,13092000000.0,14125000000.0,43377000000.0,53517690000.000015,49621000000.0,6141750000.0,154217108.8648319,6002000000.0,6294000000.0,8922250000.0,7007983523.912463,6002000000.0,26161000000.0,-1523792500.0,5539369205.263809,-9832170000.0,1316000000.0,-1487062500.0,5147106686.254321,-9832170000.0,4369000000.0,0.025859006493717855,0.3506540027027379,-0.5,0.20908802033682872,-0.06359315393143289,0.35890199348205765,-0.5,0.20908802033682872,0.14394322426609746,0.08945170211556112,0.06233377659574468,0.26907697434188604,0.1279870643549439,0.07282771688333867,0.06233377659574468,0.26907697434188604,-0.4940426587301583,-0.19499503968253995,3.9546875,17.066666666666666,0.5,0,29374.914,358.2000000000007,4.20170882936508,4.251726968886664,28828.166,28079.1015,15.01144101037851,-0.17351132158055707,0.5356136380874706,-0.41262083174347314
2024-12-31,2.0,1.8493826644370126,2.0,-1.0,-0.02463608562691133,-0.211783313562673,0.19621566632756868,-0.01287235400926004,0.04805696846388606,0.3271796929868566,2.4656366007825827,1.1076308671151505,3.2064222442764985,0.018154434810924942,-2.2028924541891377,6294000000.0,6255000000.0,6006060000.0,1316000000.0,1272000000.0,-9363110500.0,890000000.0,644000000.0,1615000000.0,13189000000.0,13083000000.0,14240000000.0,40875000000.0,43377000000.0,50580000000.0,10785000000.0,9194154701.040583,6016000000.0,24575000000.0,8724000000.0,6452882106.897467,6002000000.0,24575000000.0,2139750000.0,1789562772.4856904,1149000000.0,4822000000.0,-1452521250.0,5222945379.426215,-9832170000.0,4822000000.0,0.19991292307561004,0.007944015851704359,0.1909906914893617,0.20908802033682872,-0.06114670362681436,0.3617346402077584,-0.5,0.20908802033682872,0.08868822279659748,0.04214292715775954,0.04805696846388606,0.14140451223387354,0.1256372800958546,0.07534177661723371,0.04805696846388606,0.26907697434188604,0.32079637096774194,-0.1716129032258067,4.275483870967742,17.363230769230768,0.55,0,29723.864,348.9500000000007,4.115085685483871,4.208823743080213,29184.89025,28452.799875,15.530686202686203,0.3620350455065514,0.3149045160731872,-0.08503018825932857
2025-03-31,-0.7577212614445574,-0.010305851063829752,-0.7416009954375777,0.08442123585726713,0.002081870171566136,-0.2540528384935641,0.20927107826671146,0.01305541193914278,0.03963721867651999,0.3373132086806338,0.5961302595679707,1.106167097040679,3.2064703227985416,0.516606397774687,0.5170230167075593,24575000000.0,6294000000.0,6016000000.0,4822000000.0,1316000000.0,1149000000.0,1181000000.0,890000000.0,375000000.0,13044000000.0,13189000000.0,13092000000.0,39868000000.0,40875000000.0,53610949999.99999,10769500000.0,9204920441.44507,5969840000.0,24575000000.0,8715541250.0,6457006735.4884205,5969840000.0,24575000000.0,2164000000.0,1772235499.7761078,1246000000.0,4822000000.0,-1451896250.0,5223314029.327517,-9832170000.0,4822000000.0,0.20448301976994745,0.006157593698735125,0.19621566632756868,0.20927107826671146,-0.060607141717133564,0.362191189151472,-0.5,0.20927107826671146,0.0830140833167913,0.04799562363230533,0.03963721867651999,0.14140451223387354,0.12078598693083248,0.07992455730474325,0.03963721867651999,0.26907697434188604,0.17812268640930728,0.29721311475409884,4.451704761904762,18.52111111111111,0.625,0,29880.58388,252.7739999999976,4.340371682909018,4.283127021768737,29394.538445,28670.7514975,16.732829059829058,0.66317159714355,0.23125643940171736,0.04694203853286225
