,Revenue_growth_qoq,Revenue_growth_yoy,EBIT_growth_qoq,EBIT_growth_yoy,TotalAssets_growth_qoq,TotalAssets_growth_yoy,debt_to_assets,Revenue_volatility,EBIT_volatility,EBIT_trend,EBIT_lag1,EBIT_lag2,EBIT_lag4,CapEx_lag1,CapEx_lag2,CapEx_lag4,TotalDebt_lag1,TotalDebt_lag2,TotalDebt_lag4,TotalAssets_lag1,TotalAssets_lag2,TotalAssets_lag4,EBIT_ma4,EBIT_std4,EBIT_min4,EBIT_max4,EBIT_ma8,EBIT_std8,EBIT_min8,EBIT_max8,treasury_change_1q,treasury_change_1y,treasury_level,vix_level,vix_percentile,high_volatility,gdp_growth,gdp_acceleration,macro_10Y_Treasury_MA2Q,macro_10Y_Treasury_MA4Q,macro_GDP_Growth_MA4Q,macro_GDP_Growth_MA8Q,macro_VIX_MA4Q
2007-09-30,,,,,,,,,,,,,,,,,,,,,,,,,,,,,,,,,4.539048399687743,21.589206349206343,0.704225352112676,0,14564.117,,4.58943492783538,4.659840321780594,14418.720825,14092.747975,14.729909575852195
2007-12-31,0.18928934747856418,,,,,,,,,,,,,,,,,,,,,,,,,,,,,,-0.4717997951868904,,4.266612903225807,22.02984375,0.7183098591549296,0,14715.058,150.9410000000007,4.502512800819252,4.632537902425756,14474.227,14144.905,17.478640354622037
2008-03-31,-0.11688152990774114,,,,,,,,,,,,,,,,,,,,,,,,,,,,,,-0.6013670015864627,,3.6652459016393446,26.120163934426227,0.8732394366197183,1,14706.538,-8.520000000000437,3.965929402432576,4.379091313319463,14596.94875,14283.32725,20.86777969888433
2008-06-30,0.09568285595682857,,,,,,,,,,,,,,,,,,,,,,22271000000.0,,22271000000.0,22271000000.0,22271000000.0,,22271000000.0,22271000000.0,0.2163165983606552,,3.8815625,20.67296875,0.6619718309859155,0,14865.701,159.16299999999865,3.773404200819672,4.137958500819462,14712.8535,14422.361875,22.603045695908143
2008-09-30,-0.04899917913746288,0.0943903502397907,-0.730636253423735,,,,,,,,22271000000.0,,,3182000000.0,,,,,,,,,14135000000.0,11506041543.4675,5999000000.0,22271000000.0,14135000000.0,11506041543.4675,5999000000.0,22271000000.0,-0.019374999999999698,-0.8762251984126976,3.8621875,25.0734375,0.8028169014084507,1,14898.999,33.298000000000684,3.871875,3.918902201216288,14796.574,14550.96325,23.47410348360656
2008-12-31,0.10410995285837599,0.016007820614651447,-0.010001666944490784,,,,,,,,5999000000.0,22271000000.0,,778000000.0,3182000000.0,,,,,,,,11403000000.0,9412011899.694984,5939000000.0,22271000000.0,11403000000.0,9412011899.694984,5939000000.0,22271000000.0,-0.6275100806451612,-1.0319354838709685,3.234677419354839,49.08140624999996,0.9901408450704225,1,14608.209,-290.78999999999905,3.54843245967742,3.660918330248546,14769.86175,14622.044375,32.61781442110656
2009-03-31,-0.17926513921462506,-0.05576311055763106,-0.2477723522478532,,,,,,,,5939000000.0,5999000000.0,,842000000.0,778000000.0,,,,,,,,9669120000.0,8431053992.093753,4467480000.0,22271000000.0,9669120000.0,8431053992.093753,4467480000.0,22271000000.0,-0.4984479111581175,-0.9290163934426232,2.7362295081967214,45.0,0.9859154929577465,1,14430.902,-177.3070000000007,2.98545346377578,3.4286642318878897,14700.95275,14648.95075,37.337773437500005
2009-06-30,-0.040225674091441954,-0.1526037901970223,2.0,-0.08567195006959727,,,,,,-0.5279989045633994,4477063200.0,5939000000.0,22271000000.0,632000000.0,842000000.0,3182000000.0,,,,,,,9192120000.0,7480855302.543955,4467480000.0,20363000000.0,11807896000.0,8728334174.060936,4467480000.0,22271000000.0,0.5845641425969297,-0.5607688492063487,3.320793650793651,33.01571428571428,0.9577464788732394,1,14416.0022,-49.66599999999926,3.028511579495186,3.288472019586303,14579.8365,14646.345,40.42345982142857
2009-09-30,-0.013665165279792335,-0.14215523537613706,-0.7798949074301429,-0.2528754792465411,0.04781224322103528,,,0.12294900511763528,,0.4527843413706522,20363000000.0,4476918000.0,5999000000.0,3119000000.0,632000000.0,778000000.0,,,,80196880000.0,,,8812870000.0,7730965463.700723,4467480000.0,20363000000.0,10586913333.333334,8360134328.888901,4467480000.0,22271000000.0,0.1970188492063487,-0.3443750000000003,3.5178125,25.48625,0.8309859154929577,1,14448.882,67.64599999999882,3.419303075396825,3.2023782695863026,14467.30725,14631.940625,40.45442075892857
2009-12-31,0.47229102167182657,0.14390522581033127,0.8993752788933511,0.4334062973564574,0.0059305004166054776,,,0.20133007755847593,,0.13076920458375074,4482000000.0,20363000000.0,5939000000.0,435000000.0,3119000000.0,842000000.0,,,,81612000000.0,80159640000.0,,9456370000.0,7516158266.091351,4467480000.0,20363000000.0,10290640000.0,7671873970.150101,4467480000.0,22271000000.0,-0.053780241935483364,0.22935483870967754,3.4640322580645164,23.071875,0.7323943661971831,0,14651.249,202.3670000000002,3.4909223790322583,3.259716979263722,14478.06725,14623.9645,31.64345982142857
2010-03-31,-0.19733872463027086,0.06264654161781946,1.134147773992717,2.0,0.034276944065484205,,,0.2180861512001054,,-0.03959701238424481,8513000000.0,4482000000.0,4476627600.0,811000000.0,435000000.0,632000000.0,,,,82096000000.0,81612000000.0,,12881500000.0,7606035257.171329,4482000000.0,20363000000.0,11275310000.0,7629286633.770458,4467480000.0,22271000000.0,0.25383659439449957,0.9816393442622946,3.717868852459016,20.149672131147543,0.6338028169014085,0,14764.61,113.36100000000079,3.590950555261766,3.5051268153292963,14561.49425,14631.2235,25.430877854215456
2010-06-30,0.10590912225056881,0.2244446140926788,0.3263980625275209,0.18342091047488096,0.01416794252738196,0.10560034921939199,0.06829730244069424,0.21862881914151824,1.4097880795897493,-0.019826883515118774,18168000000.0,8513000000.0,20363000000.0,431970600.0,811000000.0,3119000000.0,,,,84910000000.0,82096000000.0,80085160000.0,13815250000.0,8942497614.387903,4482000000.0,24098000000.0,11503685000.0,8022655785.039551,4467480000.0,24098000000.0,-0.22536885245901583,0.17170634920634908,3.4925,26.391428571428573,0.8873239436619719,1,14980.193,215.58299999999872,3.605184426229508,3.548053402630883,14711.2335,14645.535,23.77480642564403
2010-09-30,0.009726292162853145,0.25348297213622284,-0.7047057847124243,0.5876840696117804,0.06302184339182237,0.1216487771406165,0.10596460563688005,0.2169481528133631,1.40653135485314,0.4958505998805668,24098000000.0,18168000000.0,4482000000.0,1977000000.0,431881500.0,435000000.0,7684000000.0,,,86113000000.0,84910000000.0,81612000000.0,14473750000.0,8081680863.739506,7116000000.0,24098000000.0,11643310000.0,7922258899.55997,4467480000.0,24098000000.0,-0.70796875,-0.7332812499999997,2.78453125,24.28359375,0.7605633802816901,1,15141.607,161.41400000000067,3.138515625,3.3647330901308834,14884.41475,14675.861,23.47414236314403
2010-12-31,0.23204692806421745,0.04894332877720542,0.1474142776840921,-0.040878656172911976,0.008367926589469166,0.124366595205613,0.10508525989643143,0.2278307256061883,1.3991078913334036,0.012014854477934066,7116000000.0,24098000000.0,8513000000.0,564000000.0,1977000000.0,811000000.0,9700000000.0,7636000000.0,,91540000000.0,86113000000.0,82096000000.0,14386750000.0,8168643435.928228,7116000000.0,24098000000.0,11921560000.0,7730047180.428924,4467480000.0,24098000000.0,0.09385584677419345,-0.5856451612903228,2.8783870967741936,19.3184375,0.6056338028169014,0,15309.474,167.8670000000002,2.831459173387097,3.2183217998083022,15048.971,14763.519125,22.53578298814403
2011-03-31,0.0,0.37578432048541677,-0.30079608083282305,-0.6857661822985469,0.08039564058674409,0.17450241432104585,0.11932575932295165,0.21096471753044907,1.403500423498413,-0.3266269310302886,8165000000.0,7116000000.0,18168000000.0,491000000.0,564000000.0,431703300.0,9700000000.0,9700000000.0,,92306000000.0,91540000000.0,84910000000.0,11272000000.0,8609665692.309622,5709000000.0,24098000000.0,12076750000.0,7569820978.256827,4482000000.0,24098000000.0,0.5790322580645162,-0.2604494976203062,3.4574193548387098,18.61483870967741,0.5633802816901409,0,15351.448,41.97400000000016,3.167903225806452,3.153209425403226,15195.6805,14878.587375,22.152074632776497
2011-06-30,0.040388181457193584,0.29427429294939733,2.0,0.12710598389907868,0.09001574297833081,0.26234134218991323,0.10947159258168973,0.20705145752610388,1.4653072697429892,-0.4801100070972325,5709000000.0,8165000000.0,24098000000.0,658000000.0,491000000.0,1977000000.0,11900000000.0,9700000000.0,7540000000.0,99727000000.0,92306000000.0,86113000000.0,12037750000.0,10132251851.554684,5709000000.0,27161000000.0,12926500000.0,8897924204.153301,4482000000.0,27161000000.0,-0.25599078341013826,-0.29107142857142865,3.2014285714285715,17.482380952380954,0.49295774647887325,0,15557.539,206.09100000000035,3.3294239631336406,3.0804415682603685,15340.017,15025.62525,19.924812728014597
2011-09-30,0.03882030013126925,0.3315671978530885,-0.7348035786605795,0.012225969645868418,-0.0118578893141007,0.1734214551015949,0.11078527207559466,0.20461653036956418,1.4594924278438146,0.47915100413283207,27161000000.0,5709000000.0,7116000000.0,2355000000.0,658000000.0,564000000.0,11900000000.0,11900000000.0,9700000000.0,108704000000.0,99727000000.0,91540000000.0,12059500000.0,10118248777.991838,5709000000.0,27161000000.0,13266625000.0,8575169951.460354,5709000000.0,27161000000.0,-0.7325334821428572,-0.37031250000000027,2.41421875,30.58359375,0.9295774647887324,1,15647.68,90.14099999999962,2.807823660714286,2.987863443260369,15466.53525,15175.475,21.499812728014597
2011-12-31,0.0,0.08077636291438739,0.10981535471331383,-0.020943049601959585,0.0,0.1636838342036271,0.11078527207559466,0.13106868199769464,1.4603911791895363,0.15395331481404687,7203000000.0,27161000000.0,8165000000.0,436000000.0,2355000000.0,491000000.0,11900000000.0,11900000000.0,9700000000.0,107415000000.0,108704000000.0,92306000000.0,12016750000.0,10140524719.329535,5709000000.0,27161000000.0,13201750000.0,8618126507.542112,5709000000.0,27161000000.0,-0.36749743852459016,-0.8316657852987839,2.0467213114754097,29.93952380952381,0.9154929577464789,1,15842.259,194.57899999999972,2.230470030737705,2.779946996935673,15599.7315,15324.351250000002,24.155084305395544
2012-03-31,0.0,0.08077636291438739,-0.20265198899174386,0.11648274654055002,0.09863613089419543,0.1833304922438257,0.10083891195661385,0.08063663533219752,1.4495736470477412,-0.10903946574573016,7994000000.0,7203000000.0,5709000000.0,498000000.0,436000000.0,658000000.0,11900000000.0,11900000000.0,11900000000.0,107415000000.0,107415000000.0,99727000000.0,12183000000.0,10007215496.830275,6374000000.0,27161000000.0,11727500000.0,8655897725.168165,5709000000.0,27161000000.0,-0.006721311475409664,-1.4174193548387097,2.04,18.20403225806452,0.5211267605633803,0,16068.805,226.54600000000028,2.043360655737705,2.4255921582259954,15779.07075,15487.375625,24.05238269249232
2012-06-30,0.0,0.03882030013126925,2.0,-0.19874084164795114,0.02763325141937134,0.11560752134236085,0.09812733464719513,0.0794624276663674,1.6315881442946663,-0.5053763440860218,6374000000.0,7994000000.0,27161000000.0,749000000.0,498000000.0,2355000000.0,11900000000.0,11900000000.0,11900000000.0,118010000000.0,107415000000.0,108704000000.0,10833500000.0,7316292344.259259,6374000000.0,21763000000.0,11435625000.0,8206899709.347356,5709000000.0,27161000000.0,-0.21421875000000012,-1.3756473214285716,1.82578125,20.035714285714285,0.6197183098591549,0,16207.115,138.3099999999995,1.932890625,2.0816803278688525,15941.46475,15640.740875,24.69071602582565
2012-09-30,0.0,0.0,-0.7560998024169462,-0.2630848257670415,0.0049888266774413825,0.13462737978867012,0.0984607305786209,0.08006604994180366,1.6373736115998807,0.38824018092029344,21763000000.0,6374000000.0,7203000000.0,2305000000.0,749000000.0,436000000.0,11900000000.0,11900000000.0,11900000000.0,121271000000.0,118010000000.0,107415000000.0,10359750000.0,7681954281.518038,5308000000.0,21763000000.0,11209625000.0,8366194218.187178,5308000000.0,27161000000.0,-0.18451140873015848,-0.7729489087301584,1.6412698412698414,16.192698412698412,0.36619718309859156,0,16319.541,112.42599999999948,1.7335255456349206,1.8884431006863127,16109.43,15787.982625,21.09299219150025
2012-12-31,0.0,0.0,1.464016578749058,0.6361020765574181,0.05585184942072274,0.19799841735325607,0.11034868630666056,0.01833798929333457,1.6566819233414711,0.0707642558942059,5308000000.0,21763000000.0,7994000000.0,603000000.0,2305000000.0,498000000.0,12000000000.0,11900000000.0,11900000000.0,121876000000.0,121271000000.0,107415000000.0,11631000000.0,7580028715.864691,5308000000.0,21763000000.0,11823875000.0,8290776603.939378,5308000000.0,27161000000.0,0.06577933905802746,-0.3396721311475408,1.707049180327869,16.752903225806453,0.4225352112676056,0,16420.419,100.87800000000243,1.6741595107988552,1.803525067899428,16253.97,15926.85075,17.796337045570915
2013-03-31,0.0,0.0,-0.4179983179142136,0.19422654534044548,0.042134547686951684,0.13638674688585706,0.10588717795757056,0.01833798929333457,1.661105349806479,0.031467629610523476,13079000000.0,5308000000.0,6374000000.0,1533000000.0,603000000.0,749000000.0,14200000000.0,12000000000.0,11900000000.0,128683000000.0,121876000000.0,118010000000.0,11940500000.0,7314452747.813741,5308000000.0,21763000000.0,12061750000.0,8115719803.478396,5308000000.0,27161000000.0,0.24395081967213117,-0.08899999999999997,1.951,13.527,0.1267605633802817,0,16648.189,227.7699999999968,1.8290245901639344,1.7812750678994278,16398.816,16088.943375,16.627078981054787
2013-06-30,0.0,0.0,2.0,0.22979368653218768,0.06208567913202345,0.1744852437928277,0.10952671820039177,0.013725048735258162,1.3747898533815408,-0.2904568485406811,7612000000.0,13079000000.0,21763000000.0,930000000.0,1533000000.0,2305000000.0,14200000000.0,14200000000.0,11900000000.0,134105000000.0,128683000000.0,121271000000.0,13190750000.0,9617792587.179241,5308000000.0,26764000000.0,12012125000.0,8010737962.037491,5308000000.0,26764000000.0,0.035250000000000004,0.16046875000000016,1.98625,14.83703125,0.2535211267605634,0,16728.687,80.49800000000323,1.968625,1.821392255399428,16529.209,16235.336875,15.327408222126216
2013-09-30,0.0,0.0,-0.7633388133313406,0.19329314242652607,-0.0005827383083738535,0.16797400636712734,0.10256554359738107,0.0,1.3786284249473364,0.4465326080776302,26764000000.0,7612000000.0,5308000000.0,4257000000.0,930000000.0,603000000.0,15600000000.0,14200000000.0,12000000000.0,142431000000.0,134105000000.0,121876000000.0,13447250000.0,9347368734.034191,6334000000.0,26764000000.0,11903500000.0,8090757372.282452,5308000000.0,26764000000.0,0.7203124999999999,1.0652926587301585,2.7065625,14.2796875,0.22535211267605634,0,16953.838,225.15099999999802,2.34640625,2.087715420081967,16687.78325,16398.606625,14.849155493951612
2013-12-31,0.0,0.0,1.2581307230817806,0.093585136478324,0.07864529182004665,0.1931879113791255,0.14784132132366828,0.0,1.3865412115798446,-0.008053691275167904,6334000000.0,26764000000.0,13079000000.0,1231000000.0,4257000000.0,1533000000.0,14600000000.0,15600000000.0,14200000000.0,142348000000.0,142431000000.0,128683000000.0,13753250000.0,9351329009.825287,6334000000.0,26764000000.0,12692125000.0,7961698121.766665,5308000000.0,26764000000.0,0.037631048387096744,1.0371443680592278,2.7441935483870967,14.2328125,0.2112676056338028,0,17192.019,238.1810000000005,2.725378024193549,2.3470015120967744,16880.683250000002,16567.326625,14.2191328125
2014-03-31,0.0,0.0,-0.5124099839194575,-0.08381502890173409,0.01677705919514394,0.16415495320830686,0.14540190495711605,0.0,1.4189461670989456,-0.002595750095432297,14303000000.0,6334000000.0,7612000000.0,2963000000.0,1231000000.0,930000000.0,22700000000.0,14600000000.0,14200000000.0,153543000000.0,142348000000.0,134105000000.0,13593750000.0,9495324827.689325,6334000000.0,26764000000.0,12767125000.0,7896235168.691831,5308000000.0,26764000000.0,0.02121628767847694,0.8144098360655736,2.7654098360655737,14.828852459016392,0.23943661971830985,0,17197.738,5.71900000000096,2.7548016922263354,2.5506039711131674,17018.0705,16708.44325,14.544595927254097
2014-06-30,0.0,0.0,2.0,0.03717680466298012,0.10418334731839174,0.21029831988822667,0.11950064971227028,0.0,1.5292900660390123,-0.37812229885057513,6974000000.0,14303000000.0,26764000000.0,1192000000.0,2963000000.0,4257000000.0,22700000000.0,22700000000.0,15600000000.0,156119000000.0,153543000000.0,142431000000.0,13842500000.0,9957156505.080486,6334000000.0,27759000000.0,13516625000.0,9069495622.099705,5308000000.0,27759000000.0,-0.14445745511319252,0.6347023809523811,2.620952380952381,12.738253968253968,0.07042253521126761,0,17518.508,320.77000000000044,2.6931811085089774,2.7092795663512628,17215.52575,16872.367375,14.01990160681759
2014-09-30,0.0,0.0,-0.7831516915354733,-0.07736027786548783,-0.015825134583255962,0.19183971675049882,0.11906445984816334,0.0,1.533933791699383,0.4113852266570346,27759000000.0,6974000000.0,6334000000.0,5485000000.0,1192000000.0,1231000000.0,20600000000.0,22700000000.0,14600000000.0,172384000000.0,156119000000.0,142348000000.0,13720000000.0,10082547660.851068,5844000000.0,27759000000.0,13583625000.0,9001920381.428144,5844000000.0,27759000000.0,-0.12142113095238116,-0.20703125,2.49953125,13.07265625,0.09859154929577464,0,17804.228,285.7199999999975,2.5602418154761906,2.657521753851263,17428.12325,17057.95325,13.71814379431759
2014-12-31,0.0,0.0,0.3305954825462012,-0.45633783122421867,0.03060310274909228,0.13875591853747804,0.11438506588579796,0.0,1.5071813202747997,-0.033469387755102095,5844000000.0,27759000000.0,14303000000.0,1282000000.0,5485000000.0,2963000000.0,20200000000.0,20600000000.0,22700000000.0,169656000000.0,172384000000.0,153543000000.0,12088250000.0,10477183412.062614,5844000000.0,27759000000.0,12920750000.0,9236578134.940294,5844000000.0,27759000000.0,-0.2235635080645162,-0.46822580645161294,2.275967741935484,16.07234375,0.352112676056338,0,17912.079,107.85100000000239,2.387749495967742,2.54046530223836,17608.13825,17244.410750000003,14.17802660681759
2015-03-31,0.0,0.0,-0.15200617283950613,-0.05448809865213655,0.010494829795022032,0.13172003407656985,0.17036160807774375,0.0,1.4849094004510301,-0.16138812483196516,7776000000.0,5844000000.0,6974000000.0,2772000000.0,1282000000.0,1192000000.0,20000000000.0,20200000000.0,22700000000.0,174848000000.0,169656000000.0,156119000000.0,11993250000.0,10540544684.692533,5844000000.0,27759000000.0,12793500000.0,9326735977.822037,5844000000.0,27759000000.0,-0.30711528291909107,-0.796557377049181,1.9688524590163927,16.564754098360655,0.4084507042253521,0,18063.529,151.4499999999971,2.1224101004759386,2.341325957976065,17824.586000000003,17421.32825,14.612002016653657
2015-06-30,0.0,0.0,1.7541704579921142,-0.3457617349328146,-0.002603532880922299,0.022270048264340092,0.1719412335506716,0.0,1.3646567226655162,-0.5133137389781757,6594000000.0,7776000000.0,27759000000.0,1391000000.0,2772000000.0,5485000000.0,30100000000.0,20000000000.0,20600000000.0,176683000000.0,174848000000.0,172384000000.0,9593750000.0,5766602487.600479,5844000000.0,18161000000.0,11718125000.0,7867653152.306602,5844000000.0,27759000000.0,0.19552254098360744,-0.456577380952381,2.164375,13.740158730158733,0.15492957746478872,0,18279.784,216.25500000000102,2.0666137295081963,2.2271816127379696,18014.905,17615.215375,14.862478207129849
2015-09-30,0.0,0.0,-0.6810197676339409,-0.008726899383983522,-0.018879487921553917,0.019097467817230207,0.16541736072552285,0.0,1.35392390245146,0.37283648208469045,18161000000.0,6594000000.0,5844000000.0,5944000000.0,1391000000.0,1282000000.0,30300000000.0,30100000000.0,20200000000.0,176223000000.0,176683000000.0,169656000000.0,9581000000.0,5777702484.552145,5793000000.0,18161000000.0,11650500000.0,7922675251.634207,5793000000.0,27759000000.0,0.05874999999999986,-0.27640624999999996,2.223125,19.30734375,0.5915492957746479,0,18401.626,121.84200000000055,2.19375,2.1580800502379693,18164.2545,17796.188875,16.42115008212985
2015-12-31,0.0,0.0,0.040220956326601165,-0.2250514403292181,0.04165509901906339,0.03002607979502203,0.22987484591722285,0.0,1.327744444961505,0.05863688550255708,5793000000.0,18161000000.0,7776000000.0,1356000000.0,5944000000.0,2772000000.0,28600000000.0,30300000000.0,20000000000.0,172896000000.0,176223000000.0,174848000000.0,9143500000.0,6021071693.090306,5793000000.0,18161000000.0,10615875000.0,8065952559.768039,5793000000.0,27759000000.0,-0.03264112903225813,-0.0854838709677419,2.190483870967742,17.03328125,0.43661971830985913,0,18435.137,33.5109999999986,2.2068044354838707,2.1367090824960338,18295.019,17951.578625000002,16.66138445712985
2016-03-31,0.0,0.0,-0.12329903750414872,-0.1988171064604186,0.009833535075347788,0.0293520033053547,0.22488714404323992,0.0,1.2975302327386016,-0.15390167878821054,6026000000.0,5793000000.0,6594000000.0,2024000000.0,1356000000.0,1391000000.0,41400000000.0,28600000000.0,30100000000.0,180098000000.0,172896000000.0,176683000000.0,8815750000.0,6237888070.760277,5283000000.0,18161000000.0,10404500000.0,8196131509.089255,5283000000.0,27759000000.0,-0.2762215758857747,-0.054590163934425506,1.9142622950819672,20.48622950819672,0.647887323943662,0,18525.933,90.7960000000021,2.0523730830248543,2.123061541512428,18410.62,18117.603,17.641753309588864
2016-06-30,0.0,0.0,2.0,0.435934144595562,0.06377667441949986,0.097858962791463,0.2098538259557136,0.0,1.580203873544708,-0.4355953832629106,5283000000.0,6026000000.0,18161000000.0,2308000000.0,2024000000.0,5944000000.0,40900000000.0,41400000000.0,30300000000.0,181869000000.0,180098000000.0,176223000000.0,10795000000.0,10193389982.401997,5283000000.0,26078000000.0,10194375000.0,7693807471.643302,5283000000.0,26078000000.0,-0.16410604508196713,-0.4142187500000001,1.75015625,15.6759375,0.323943661971831,0,18711.702,185.76900000000023,1.8322092725409835,2.0195068540124272,18518.5995,18266.75225,18.12569800204918
2016-09-30,0.0,0.0,-0.7425032594524119,0.15915760400483348,0.09849690904955866,0.22920136960947612,0.2832621256893339,0.0,1.5746383966151443,0.5457288494155674,26078000000.0,5283000000.0,5793000000.0,8343000000.0,2308000000.0,1356000000.0,40600000000.0,40900000000.0,28600000000.0,193468000000.0,181869000000.0,172896000000.0,11025500000.0,10052022565.964857,5283000000.0,26078000000.0,10303250000.0,7629343460.800356,5283000000.0,26078000000.0,-0.18578125,-0.65875,1.564375,13.23390625,0.11267605633802817,0,18892.639,180.93699999999808,1.657265625,1.8548193540124276,18641.35275,18402.803625,16.60733862704918
2016-12-31,0.0,0.0,0.17721518987341778,0.3118154663126451,0.056868871280420175,0.2471543270885852,0.26668447531276435,0.0,1.5785549036073019,0.2073556754795701,6715000000.0,26078000000.0,6026000000.0,2163000000.0,8343000000.0,2024000000.0,60200000000.0,40600000000.0,41400000000.0,212524000000.0,193468000000.0,180098000000.0,11495250000.0,9780752062.93804,5283000000.0,26078000000.0,10319375000.0,7623372911.879061,5283000000.0,26078000000.0,0.5743135245901638,-0.05179534637757799,2.138688524590164,14.097936507936508,0.19718309859154928,0,19089.379,196.7400000000016,1.8515317622950815,1.8418705174180328,18804.91325,18549.966125,15.873502441533306
2017-03-31,0.0,0.0,1.150031625553447,2.0,0.0018120297404389252,0.23724768927084883,0.3247489427542153,0.0,1.565719255101788,-0.10001522367934607,7905000000.0,6715000000.0,5283000000.0,4151000000.0,2163000000.0,2308000000.0,59900000000.0,60200000000.0,40900000000.0,224610000000.0,212524000000.0,181869000000.0,14423500000.0,9025093554.455084,6715000000.0,26078000000.0,11619625000.0,7782621701.8156185,5283000000.0,26078000000.0,0.3079243786356427,0.5323506081438394,2.4466129032258066,11.691935483870967,0.056338028169014086,0,19280.084,190.7049999999981,2.292650713907985,1.9749581694539928,18993.451,18702.0355,13.674928935451868
2017-06-30,0.0,0.0,-0.5480112967757119,-0.6943906018998194,0.10731089225879106,0.292027312973261,0.3080155965355237,0.0,1.553469896445149,-0.18064963427739483,16996000000.0,7905000000.0,26078000000.0,1695000000.0,4151000000.0,8343000000.0,76800000000.0,59900000000.0,40600000000.0,225017000000.0,224610000000.0,193468000000.0,9824500000.0,4808817907.414119,6715000000.0,16996000000.0,10309750000.0,7396654914.795703,5283000000.0,26078000000.0,-0.18566052227342578,0.5107961309523807,2.260952380952381,11.426349206349206,0.04225352112676056,0,19438.643,158.5590000000011,2.3537826420890937,2.102657202192088,19175.18625,18846.892875,12.612531862039171
2017-09-30,0.0,0.0,0.00338453527727145,0.14787788533134782,-0.004853942280034551,0.17208879938265786,0.3103208790150022,0.0,1.5034016949844244,0.12206219146012512,7682000000.0,16996000000.0,6715000000.0,8129000000.0,1695000000.0,2163000000.0,77100000000.0,76800000000.0,60200000000.0,250312000000.0,225017000000.0,212524000000.0,10072750000.0,4616573720.484348,7682000000.0,16996000000.0,10549125000.0,7259311231.347739,5283000000.0,26078000000.0,-0.019523809523809277,0.6770535714285715,2.2414285714285715,10.944285714285714,0.028169014084507043,0,19692.595,253.95200000000114,2.251190476190476,2.271920595049231,19375.17525,19008.264,12.040126728110598
2017-12-31,0.0,0.0,0.12597301504929947,0.09791271347248576,0.027724139592206987,0.13976670673612035,0.29999648441619825,0.0,1.5000659680789326,-0.0983346156709937,7708000000.0,7682000000.0,7905000000.0,2132000000.0,8129000000.0,4151000000.0,77184000000.0,77100000000.0,59900000000.0,249097000000.0,250312000000.0,224610000000.0,10266250000.0,4510428240.9397335,7682000000.0,16996000000.0,10880750000.0,7081586822.780006,5283000000.0,26078000000.0,0.13002304147465438,0.23276308831306203,2.371451612903226,10.753380952380953,0.02394366197183099,0,20037.088,344.4929999999986,2.3064400921658983,2.330111367127496,19612.1025,19208.507875,11.755876728110598
2018-03-31,0.0,0.0,-0.04459039059799519,-0.5121204989409273,-0.032040381906276734,0.09101534550722845,0.3132421170116132,0.0,1.49566522121877,-0.24278582734688936,8679000000.0,7708000000.0,16996000000.0,4718000000.0,2132000000.0,1695000000.0,76800000000.0,77186000000.0,76800000000.0,256003000000.0,249097000000.0,225017000000.0,8541997500.0,483084792.41920066,7682000000.0,9818000000.0,11256875000.0,6816756296.855146,6715000000.0,26078000000.0,0.38707297726070866,0.311911686938128,2.7585245901639346,17.354754098360658,0.4647887323943662,0,20328.553,291.46500000000015,2.5649881015335803,2.408089288862028,19874.21975,19433.835375,12.508331381733022
2018-06-30,0.0,0.0,0.25168837433671,0.351080447800052,0.05438355662187311,0.03410144140113136,0.29438125849919644,0.0,0.5693872383242558,0.034621921448657174,8292000000.0,8679000000.0,7682000000.0,2934000000.0,4718000000.0,8129000000.0,76900000000.0,76800000000.0,77100000000.0,245497000000.0,256003000000.0,250312000000.0,8764500000.0,1147950202.1719856,7708000000.0,10379000000.0,9294500000.0,3285786663.7990966,6715000000.0,16996000000.0,0.16210040983606522,0.659672619047619,2.920625,15.3375,0.30985915492957744,0,20580.912,252.35900000000038,2.839574795081967,2.5730074436239327,20159.787,19667.486625,13.48611908014572
2018-09-30,0.0,0.0,-0.04085171981886504,0.291515308770109,-0.004747960192854506,0.0342115721987819,0.2957856369289532,0.0,0.47700992129058645,0.08701009755262688,10379000000.0,8292000000.0,7708000000.0,11632000000.0,2934000000.0,2132000000.0,76200000000.0,76900000000.0,77190000000.0,258848000000.0,245497000000.0,249097000000.0,9326250000.0,998701615.4321084,8292000000.0,10379000000.0,9699500000.0,3117805959.324601,7682000000.0,16996000000.0,0.0031845238095242756,0.6823809523809525,2.923809523809524,12.856825396825396,0.08450704225352113,0,20798.73,217.8179999999993,2.9222172619047617,2.743602681719171,20436.32075,19905.748,13.964254000780642
2018-12-31,0.0,0.0,0.030436966348568628,0.18193340246572176,0.004813309577321512,0.015841514910499024,0.2827794281829104,0.0,0.47794772750164227,0.0634231336281998,9955000000.0,10379000000.0,8679000000.0,3602000000.0,11632000000.0,4718000000.0,76200000000.0,76200000000.0,76800000000.0,257619000000.0,258848000000.0,256003000000.0,9721000000.0,969214458.5522354,8292000000.0,10379000000.0,9993625000.0,3034200621.3687124,7682000000.0,16996000000.0,0.11733801717408232,0.6696959280803805,3.0411475409836064,21.0536507936508,0.6901408450704225,0,20917.867,119.1369999999988,2.982478532396565,2.9110266637392663,20656.5155,20134.309,16.650682572209213
2019-03-31,0.0,0.0,0.008091245856892249,0.2471056439942112,0.017082658899246317,0.07244080375727613,0.27765011527607386,0.0,0.3767710967271199,0.05631107910708751,10258000000.0,9955000000.0,8292000000.0,7309000000.0,3602000000.0,2934000000.0,73200000000.0,76200000000.0,76900000000.0,258859000000.0,257619000000.0,245497000000.0,10233250000.0,384203486.78846693,9955000000.0,10379000000.0,9250692500.0,2408866811.140683,7682000000.0,14812390000.0,-0.3881967213114752,-0.10557377049180339,2.652950819672131,16.47,0.39436619718309857,0,21111.6,193.73300000000017,2.8470491803278684,2.8846332211163155,20852.27725,20363.2485,16.42949404761905
2019-06-30,0.0,0.0,2.0,2.0,0.08840364477497431,0.10704351588577077,0.2518809586956825,0.0,1.1027249674392336,0.0018469205775288842,10341000000.0,10258000000.0,10379000000.0,2565000000.0,7309000000.0,11632000000.0,73100000000.0,73200000000.0,76200000000.0,263281000000.0,258859000000.0,258848000000.0,18378250000.0,16388006374.073288,9955000000.0,42959000000.0,13571375000.0,11919384007.783287,7708000000.0,42959000000.0,-0.3140619307832422,-0.5817361111111108,2.338888888888889,15.183015873015872,0.28169014084507044,0,21397.938,286.33799999999974,2.49591985428051,2.7391991933385373,21056.53375,20608.160375,16.390873015873016
2019-09-30,0.0,0.0,-0.7046951744686795,0.2743345052737318,-0.026525356300339253,0.0828199783401069,0.24912620315104586,0.0,1.1688480064530031,0.5391971488036129,42959000000.0,10341000000.0,9955000000.0,13925000000.0,2565000000.0,3602000000.0,72178000000.0,73100000000.0,76200000000.0,286556000000.0,263281000000.0,257619000000.0,19061000000.0,15971706629.745825,10258000000.0,42959000000.0,14193625000.0,11697430535.164549,8292000000.0,42959000000.0,-0.5409201388888891,-1.1258407738095242,1.79796875,15.96015625,0.3380281690140845,0,21717.171,319.2330000000002,2.068428819444444,2.4577389998861565,21286.144,20861.232375,17.166705729166665
2019-12-31,0.0,0.0,0.09498659940091447,0.3541626047962565,0.013762076320553485,0.09246346466609245,0.2461438361492818,0.0,1.169738108392436,0.20933843974607833,12686000000.0,42959000000.0,10258000000.0,3385000000.0,13925000000.0,7309000000.0,69495000000.0,72178000000.0,73200000000.0,278955000000.0,286556000000.0,258859000000.0,19969250000.0,15397214648.002628,10341000000.0,42959000000.0,14845125000.0,11489709948.315865,8292000000.0,42959000000.0,-0.006033266129032322,-1.2492120571126388,1.7919354838709676,13.98578125,0.18309859154929578,0,21933.217,216.0460000000021,1.7949521169354834,2.145435985607997,21539.9815,21098.2485,15.399738343253969
2020-03-31,0.0,0.0,1.847311208696278,2.0,0.009388459443976815,0.08419901170232569,0.2333516670228307,0.0,1.2672137822056555,-0.09826608410431047,13891000000.0,12686000000.0,10341000000.0,6930000000.0,3385000000.0,2565000000.0,69608000000.0,69495000000.0,73100000000.0,282794000000.0,278955000000.0,263281000000.0,27272000000.0,16214015809.375134,12686000000.0,42959000000.0,18752625000.0,13986890892.520958,9955000000.0,42959000000.0,-0.4269354838709676,-1.2879508196721312,1.365,31.22451612903226,0.9436619718309859,1,21727.657,-205.5600000000013,1.5784677419354836,1.823448280689964,21693.99575,21273.1365,19.08836737551204
2020-06-30,0.0,0.0,-0.6610285194174756,-0.6879117297888684,0.0555685954408669,0.0514908080793981,0.2101715503250794,0.0,1.3400065433429034,-0.03305954825462039,39552000000.0,13891000000.0,42959000000.0,3767000000.0,6930000000.0,13925000000.0,66610000000.0,69608000000.0,72178000000.0,285449000000.0,282794000000.0,286556000000.0,19884000000.0,13121344011.444359,12686000000.0,39552000000.0,19131125000.0,13767165030.68598,9955000000.0,42959000000.0,-0.6773809523809524,-1.4969285202252944,0.6876190476190476,34.493650793650794,0.971830985915493,1,19935.444,-756.2311299999992,1.0263095238095237,1.410630820372504,21328.37225,21192.453,23.916026105670763
2020-09-30,0.0,0.0,0.18415752964869103,0.25145830048872764,-0.001028837314269948,0.07903066802889347,0.21113551117770374,0.0,1.3301720082082205,0.1399316032991349,13407000000.0,39552000000.0,12686000000.0,15441000000.0,3767000000.0,3385000000.0,63327000000.0,66610000000.0,69495000000.0,301311000000.0,285449000000.0,278955000000.0,20681500000.0,12625606797.298895,13407000000.0,39552000000.0,19871250000.0,13356411619.785566,10258000000.0,42959000000.0,-0.036994047619047565,-1.1473437499999999,0.6765208333333333,25.80890625,0.8591549295774648,1,21684.551,1132.2056000000011,0.7310360023041472,1.1237948828725035,21320.21725,21303.180625,26.37821360567077
2020-12-31,0.0,0.0,0.12729906777525835,0.28838816499892017,0.010418570037973307,0.07547189827224066,0.1989991352581238,0.0,1.3257813208277578,-0.0976234799216693,15876000000.0,13407000000.0,13891000000.0,4907000000.0,15441000000.0,6930000000.0,63552000000.0,63327000000.0,69608000000.0,301001000000.0,301311000000.0,282794000000.0,21683000000.0,12053331240.781532,13407000000.0,39552000000.0,20826125000.0,12833799776.232626,10341000000.0,42959000000.0,0.21389112903225804,-0.9274193548387095,0.864516129032258,25.62171875,0.8450704225352113,1,22068.767,384.21600000000035,0.7575705645161288,0.8919400441628264,21354.10475,21447.043125,29.28719798067076
2021-03-31,0.0,0.0,1.8396379281443815,0.28491605987055024,0.01559165770688864,0.08208121240571864,0.18796357149563422,0.0,1.38430733949701,-0.288225799013052,17897000000.0,15876000000.0,39552000000.0,9081000000.0,4907000000.0,3767000000.0,60523000000.0,63552000000.0,66610000000.0,304137000000.0,301001000000.0,285449000000.0,24500250000.0,17642965309.626007,13407000000.0,50821000000.0,25886125000.0,15756498871.780767,12686000000.0,50821000000.0,0.47138551031200415,-0.029098360655737787,1.3359016393442622,23.20245901639344,0.7464788732394366,0,22656.793,588.0260000000017,1.1002088841882598,0.889757667113646,21586.38875,21640.19225,27.28168370251106
2021-06-30,0.0,0.0,0.3757305051061568,2.0,0.08061409160221311,0.10775577393457247,0.1742050877976146,0.0,0.9802921965415112,0.46637483290986825,50821000000.0,17897000000.0,13407000000.0,5089000000.0,9081000000.0,15441000000.0,58058000000.0,60523000000.0,63327000000.0,308879000000.0,304137000000.0,301311000000.0,38627500000.0,26299784897.726192,15876000000.0,69916000000.0,29255750000.0,21693259807.40167,12686000000.0,69916000000.0,0.25487961065573783,0.9031622023809525,1.59078125,18.0,0.5070422535211268,0,23368.861,712.0679999999993,1.463341444672131,1.11045600459413,22444.743,21886.557625,23.15827100409836
2021-09-30,0.0,0.0,-0.7105383603180959,0.2747543461829176,0.004910434748740977,0.11434181281789768,0.15887042436601495,0.0,0.9812243207489644,0.5049356028736004,69916000000.0,50821000000.0,15876000000.0,20622000000.0,5089000000.0,4907000000.0,58146000000.0,58058000000.0,63552000000.0,333779000000.0,308879000000.0,301001000000.0,39718000000.0,25105260099.562138,17897000000.0,69916000000.0,30199750000.0,21023173470.856255,13407000000.0,69916000000.0,-0.26593749999999994,0.6742187500000001,1.32484375,18.28734375,0.5352112676056338,0,23921.991,553.130000000001,1.4578124999999995,1.2790106920941302,23004.103,22162.160125,21.27788037909836
2021-12-31,0.0,0.0,0.09926870244095265,0.2430574956696654,0.01482031375775894,0.11919628325392839,0.1564621653461187,0.0,0.9810432995486709,0.0657585981167229,20238000000.0,69916000000.0,17897000000.0,5810000000.0,20622000000.0,9081000000.0,53288000000.0,58146000000.0,60523000000.0,335418000000.0,333779000000.0,304137000000.0,40805500000.0,23910746740.04697,20238000000.0,69916000000.0,31244250000.0,20292010473.864548,13407000000.0,69916000000.0,0.20854334677419328,0.6688709677419353,1.5333870967741934,19.27515625,0.5774647887323944,0,24777.038,855.0469999999987,1.4291154233870964,1.446228434029614,23681.17075,22517.63775,19.69123975409836
2022-03-31,0.0,0.0,-0.08464062570234188,-0.599299502174298,0.012391704784819657,0.11566989015115947,0.1448780785068208,0.0,0.7895136586237419,-0.3318180147284071,22247000000.0,20238000000.0,50821000000.0,11675000000.0,5810000000.0,5089000000.0,53258000000.0,53288000000.0,58058000000.0,340389000000.0,335418000000.0,308879000000.0,33191250000.0,24500400668.49248,20238000000.0,69916000000.0,28845750000.0,20303759453.080883,13407000000.0,69916000000.0,0.4177419354838714,0.6152273929138026,1.9511290322580648,25.372903225806454,0.8169014084507042,1,25215.491,438.45300000000134,1.742258064516129,1.6000352822580646,24320.84525,22953.617,20.233850806451613
2022-06-30,0.0,0.0,2.0,0.19261685451112753,0.05871325887170031,0.09305858067763406,0.13644611336476264,0.0,1.232972202271886,-0.4418242759763496,20364000000.0,22247000000.0,69916000000.0,5340000000.0,11675000000.0,20622000000.0,49926000000.0,53258000000.0,58146000000.0,344607000000.0,340389000000.0,333779000000.0,36558000000.0,31230185088.575233,20238000000.0,83383000000.0,37592750000.0,26751702481.204014,15876000000.0,83383000000.0,0.8049330174180334,1.3417993951612903,2.9325806451612904,27.3984375,0.9014084507042254,1,25805.791,590.2999999999993,2.441854838709677,1.9354851310483872,24930.07775,23687.410375,22.583460181451613
2022-09-30,0.0,0.0,-0.7419378050681793,0.06324735645814794,-0.013858129591053592,0.07264368638534613,0.1351421964289685,0.0,1.3197009828159092,0.5130258766890968,83383000000.0,20364000000.0,20238000000.0,23886000000.0,5340000000.0,5810000000.0,49781000000.0,49926000000.0,53288000000.0,364840000000.0,344607000000.0,335418000000.0,36878000000.0,31013024049.045376,20364000000.0,83383000000.0,38298000000.0,26165343589.2376,17897000000.0,83383000000.0,0.16851310483870963,1.7762499999999999,3.10109375,24.79272727272728,0.7746478873239436,1,26272.011,466.2199999999975,3.016837197580645,2.379547631048387,25517.58275,24260.842875,24.20980606213343
2022-12-31,0.0,0.0,-0.05200297425411282,-0.0830673798714433,0.013252395881973689,0.07098643023129414,0.13198665759617284,0.0,1.3284272470055074,0.16495471554856553,21518000000.0,83383000000.0,22247000000.0,6283000000.0,23886000000.0,11675000000.0,48622000000.0,49781000000.0,53258000000.0,359784000000.0,364840000000.0,340389000000.0,36416000000.0,31315919732.089413,20364000000.0,83383000000.0,38610750000.0,25900268436.28128,20238000000.0,83383000000.0,0.72562756147541,1.9520586329984153,3.82672131147541,25.00265625,0.7887323943661971,1,26734.277,462.2659999999996,3.463907530737705,2.952881184723691,26006.8925,24844.031625,25.641681062133436
2023-03-31,0.0,0.0,0.09573998725427724,0.09762325672755834,0.04261669117162992,0.10296076400073129,0.12683904779945696,0.0,1.210859753709319,-0.16959578207381393,20399000000.0,21518000000.0,20364000000.0,6274000000.0,6283000000.0,5340000000.0,48116000000.0,48622000000.0,49926000000.0,364552000000.0,359784000000.0,344607000000.0,36913000000.0,30990330975.96733,20399000000.0,83383000000.0,35052125000.0,25938701330.182827,20238000000.0,83383000000.0,-0.18043098889476505,1.6951612903225801,3.646290322580645,20.6840625,0.676056338028169,0,27164.359,430.08200000000215,3.736505817028028,3.3766715073043363,26494.1095,25407.477375,24.46947088068182
2023-06-30,0.0,0.0,2.0,0.06164326061667236,0.08389636084275232,0.12919636004824042,0.11465959182088277,0.0,1.5450116048043843,-0.4990436973424,22352000000.0,20399000000.0,83383000000.0,6607000000.0,6274000000.0,23886000000.0,48210000000.0,48116000000.0,49781000000.0,380088000000.0,364552000000.0,364840000000.0,38198000000.0,33559539835.939354,20399000000.0,88523000000.0,37378000000.0,30023992130.104404,20238000000.0,88523000000.0,-0.05057603686635925,0.6631336405529953,3.5957142857142856,16.44125,0.38028169014084506,0,27453.815,289.4559999999983,3.621002304147465,3.542454917442585,26906.1155,25918.096625,21.730174005681818
2023-09-30,0.0,0.0,-0.6961806536154446,0.2498838181987173,0.08206546012389082,0.23903508771929816,0.10250232735511514,0.0,1.5433022546656787,0.5313576627048536,88523000000.0,22352000000.0,21518000000.0,28107000000.0,6607000000.0,6283000000.0,47237000000.0,48210000000.0,48622000000.0,411976000000.0,380088000000.0,359784000000.0,39542250000.0,32767033833.565105,20399000000.0,88523000000.0,38210125000.0,29569904963.55325,20364000000.0,88523000000.0,0.5539682539682542,1.0485887896825399,4.14968253968254,15.01323076923077,0.2676056338028169,0,27967.697,513.8820000000014,3.872698412698413,3.80460211486322,27330.037,26423.809875,19.28529987980769
2023-12-31,0.0,0.0,0.00509388362149088,0.32516299818618566,0.05557163206478455,0.29078430511970854,0.10025969168519078,0.0,1.5478837826315806,0.21662651973521993,26895000000.0,88523000000.0,20399000000.0,9917000000.0,28107000000.0,6274000000.0,45694000000.0,47237000000.0,48116000000.0,445785000000.0,411976000000.0,364552000000.0,41200500000.0,31623191284.24581,22352000000.0,88523000000.0,38808250000.0,29247520157.393562,20364000000.0,88523000000.0,0.2974142345110087,0.6203754627181386,4.4470967741935485,15.28625,0.29577464788732394,0,28296.967,329.27000000000044,4.298389656938044,3.959695980542755,27720.7095,26863.801,16.856198317307694
2024-03-31,0.9051096205231456,1.8684800502244583,0.020309263095590335,0.23393879742304935,0.029150497919491425,0.2741128370272148,0.09273037014093233,0.6592790946862762,1.5419507318441459,-0.11550345262800234,27032000000.0,26895000000.0,22352000000.0,9735000000.0,9917000000.0,6607000000.0,47178000000.0,45694000000.0,48210000000.0,470558000000.0,445785000000.0,380088000000.0,42507750000.0,30678265372.24685,26895000000.0,88523000000.0,39710375000.0,28703589113.247536,20399000000.0,88523000000.0,-0.29070333157059824,0.5101031200423054,4.15639344262295,13.712539682539685,0.14084507042253522,0,28624.069,327.10199999999895,4.301745108408249,4.087221760553331,28085.637,27289.87325,15.113317612942614
2024-06-30,0.04638041967085904,2.0,2.0,0.0779492335325278,0.057587114759175995,0.24318649630075528,0.08773964538633208,0.658464937131342,1.4046000282109758,-0.42977809928777727,27581000000.0,27032000000.0,85284799999.99998,10952000000.0,9735000000.0,25447769999.99999,44907000000.0,47178000000.0,47237000000.0,484275000000.0,470558000000.0,411976000000.0,44232824999.999985,33752908296.595047,26895000000.0,95423299999.99995,41215412499.99999,31069870230.47862,20399000000.0,95423299999.99995,0.2923367161072079,0.8530158730158726,4.448730158730158,13.980307692307692,0.16901408450704225,0,29016.714,392.64500000000044,4.302561800676553,4.3004757288072994,28476.361750000004,27691.238625,14.498082036019536
2024-09-30,0.013255673830086412,2.0,-0.6798266251533953,0.13597322922476307,0.021184661914273484,0.17324046345211253,0.08626363015833259,0.6577929082863296,1.3968645071706232,0.46602020106108955,90869102000.00002,27581000000.0,26895000000.0,29943714000.000008,10952000000.0,9917000000.0,44937000000.0,44907000000.0,45694000000.0,512163000000.0,484275000000.0,445785000000.0,45147074999.999985,33553131734.943886,27032000000.0,95423299999.99995,42344662499.99999,30848249760.4431,20399000000.0,95423299999.99995,-0.4940426587301583,-0.19499503968253995,3.9546875,17.066666666666666,0.4507042253521127,0,29374.914,358.2000000000007,4.201708829365079,4.251726968886664,28828.166,28079.1015,15.01144101037851
2024-12-31,0.06170618281619267,2.0,0.03603692065985853,0.17094554601953238,0.02081210218484042,0.1346061484450376,0.08422957194070778,0.6549185441064569,1.392105563456064,0.17365975536621137,30552000000.0,90938104999.99994,27032000000.0,14923000000.0,29997734999.99996,9735000000.0,45117000000.0,44937000000.0,47178000000.0,523013000000.0,512163000000.0,470558000000.0,46302324999.999985,32792446565.57104,27581000000.0,95423299999.99995,43751412499.99999,29947977687.337242,22352000000.0,95423299999.99995,0.32079637096774194,-0.1716129032258067,4.275483870967742,17.363230769230768,0.4788732394366197,0,29723.864,348.9500000000007,4.115085685483871,4.208823743080213,29184.89025,28452.799875,15.530686202686203
2025-03-31,0.0062327665441177516,0.13269100197225914,0.01096262597542097,0.16021899133461437,0.05380428471355958,0.16178617521036598,0.07621608747582755,0.6545840077977213,1.3961582636169645,-0.11372063929835069,31653000000.0,30552000000.0,27581000000.0,15804000000.0,14923000000.0,10952000000.0,44970000000.0,45117000000.0,44907000000.0,527149300000.0,516394500000.0,476181969999.99994,46666892499.999985,32016767771.838432,28561429999.999996,95423299999.99995,44149392499.99999,29146660983.301926,23851189999.999992,95423299999.99995,0.17812268640930728,0.29721311475409884,4.453606557377049,18.52111111111111,0.5492957746478874,0,29799.6962,252.7739999999976,4.364545214172395,4.283127021768737,29286.332925,28558.2603375,16.732829059829058
